Currency,Date,Rate
AED,2021-04-01,0.272294
ARS,2021-04-01,0.0111335
AUD,2021-04-01,0.7747493000000001
BRL,2021-04-01,0.178593
CAD,2021-04-01,0.787449
CHF,2021-04-01,1.098969
CZK,2021-04-01,0.0462019
DKK,2021-04-01,0.162324
ETB,2021-04-01,0.0247979
EUR,2021-04-01,1.2078
GBP,2021-04-01,1.3963
GHS,2021-04-01,0.1737321
ILS,2021-04-01,0.303919
INR,2021-04-01,0.0136417
JPY,2021-04-01,0.009376
KES,2021-04-01,0.009101
,,0.11170899999999999
MUR,2021-04-01,0.025115799999999997
MWK,2021-04-01,0.001284
MXN,2021-04-01,0.0481603
MYR,2021-04-01,0.24663739999999998
NGN,2021-04-01,0.002631578947
NOK,2021-04-01,0.115924
NZD,2021-04-01,0.726929
PEN,2021-04-01,0.27369
PLN,2021-04-01,0.26719
RUB,2021-04-01,0.0134902
RWF,2021-04-01,0.0010074
SAR,2021-04-01,0.266667
SEK,2021-04-01,0.11865139999999999
SGD,2021-04-01,0.75159403
sll,2021-04-01,9.785e-05
THB,2021-04-01,0.033048
TZS,2021-04-01,0.00043114
UGX,2021-04-01,0.00027275
USD,2021-04-01,1.0
XAF,2021-04-01,0.0018390000000000001
XOF,2021-04-01,0.0018390000000000001
ZAR,2021-04-01,0.06629199999999999
ZMK,2021-04-01,0.045818300000000006
ZMW,2021-04-01,0.045818300000000006
AED,2021-04-02,0.272294
ARS,2021-04-02,0.0109096
AUD,2021-04-02,0.761883
BRL,2021-04-02,0.17515799999999998
CAD,2021-04-02,0.796491
CHF,2021-04-02,1.06226
CZK,2021-04-02,0.0451431
DKK,2021-04-02,0.15836
ETB,2021-04-02,0.0241551
EUR,2021-04-02,1.17604
GBP,2021-04-02,1.3830799999999999
GHS,2021-04-02,0.17308199999999999
ILS,2021-04-02,0.30065
INR,2021-04-02,0.013644499999999999
JPY,2021-04-02,0.00904761
KES,2021-04-02,0.00920228
MAD,2021-04-02,0.11055599999999999
MUR,2021-04-02,0.024681400000000003
MWK,2021-04-02,0.00127273
MXN,2021-04-02,0.049278800000000005
MYR,2021-04-02,0.241563
NGN,2021-04-02,0.002631578947
NOK,2021-04-02,0.11726500000000001
NZD,2021-04-02,0.702885
PEN,2021-04-02,0.26773
PLN,2021-04-02,0.25695500000000004
RUB,2021-04-02,0.0131475
RWF,2021-04-02,0.00102011
SAR,2021-04-02,0.266667
SEK,2021-04-02,0.11471700000000001
SGD,2021-04-02,0.744111
sll,2021-04-02,9.781469999999999e-05
THB,2021-04-02,0.0319743
TZS,2021-04-02,0.000431175
UGX,2021-04-02,0.000273884
USD,2021-04-02,1.0
XAF,2021-04-02,0.00179568
XOF,2021-04-02,0.00179568
ZAR,2021-04-02,0.0683154
ZMK,2021-04-02,0.045412
ZMW,2021-04-02,0.045412
AED,2021-04-03,0.272294
ARS,2021-04-03,0.0109096
AUD,2021-04-03,0.761883
BRL,2021-04-03,0.17515799999999998
CAD,2021-04-03,0.796491
CHF,2021-04-03,1.06226
CZK,2021-04-03,0.0451431
DKK,2021-04-03,0.15836
ETB,2021-04-03,0.0241551
EUR,2021-04-03,1.17604
GBP,2021-04-03,1.3830799999999999
GHS,2021-04-03,0.17308199999999999
ILS,2021-04-03,0.30065
INR,2021-04-03,0.013644499999999999
JPY,2021-04-03,0.00904761
KES,2021-04-03,0.00920228
MAD,2021-04-03,0.11055599999999999
MUR,2021-04-03,0.024681400000000003
MWK,2021-04-03,0.00127273
MXN,2021-04-03,0.049278800000000005
MYR,2021-04-03,0.241563
NGN,2021-04-03,0.002631578947
NOK,2021-04-03,0.11726500000000001
NZD,2021-04-03,0.702885
PEN,2021-04-03,0.26773
PLN,2021-04-03,0.25695500000000004
RUB,2021-04-03,0.0131475
RWF,2021-04-03,0.00102011
SAR,2021-04-03,0.266667
SEK,2021-04-03,0.11471700000000001
SGD,2021-04-03,0.744111
sll,2021-04-03,9.781469999999999e-05
THB,2021-04-03,0.0319743
TZS,2021-04-03,0.000431175
UGX,2021-04-03,0.000273884
USD,2021-04-03,1.0
XAF,2021-04-03,0.00179568
XOF,2021-04-03,0.00179568
ZAR,2021-04-03,0.0683154
ZMK,2021-04-03,0.045412
ZMW,2021-04-03,0.045412
AED,2021-04-04,0.272294
ARS,2021-04-04,0.0109096
AUD,2021-04-04,0.761883
BRL,2021-04-04,0.17515799999999998
CAD,2021-04-04,0.796491
CHF,2021-04-04,1.06226
CZK,2021-04-04,0.0451431
DKK,2021-04-04,0.15836
ETB,2021-04-04,0.0241551
EUR,2021-04-04,1.17604
GBP,2021-04-04,1.3830799999999999
GHS,2021-04-04,0.17308199999999999
ILS,2021-04-04,0.30065
INR,2021-04-04,0.013644499999999999
JPY,2021-04-04,0.00904761
KES,2021-04-04,0.00920228
MAD,2021-04-04,0.11055599999999999
MUR,2021-04-04,0.024681400000000003
MWK,2021-04-04,0.00127273
MXN,2021-04-04,0.049278800000000005
MYR,2021-04-04,0.241563
NGN,2021-04-04,0.002631578947
NOK,2021-04-04,0.11726500000000001
NZD,2021-04-04,0.702885
PEN,2021-04-04,0.26773
PLN,2021-04-04,0.25695500000000004
RUB,2021-04-04,0.0131475
RWF,2021-04-04,0.00102011
SAR,2021-04-04,0.266667
SEK,2021-04-04,0.11471700000000001
SGD,2021-04-04,0.744111
sll,2021-04-04,9.781469999999999e-05
THB,2021-04-04,0.0319743
TZS,2021-04-04,0.000431175
UGX,2021-04-04,0.000273884
USD,2021-04-04,1.0
XAF,2021-04-04,0.00179568
XOF,2021-04-04,0.00179568
ZAR,2021-04-04,0.0683154
ZMK,2021-04-04,0.045412
ZMW,2021-04-04,0.045412
AED,2021-04-05,0.272294
ARS,2021-04-05,0.010911
AUD,2021-04-05,0.76186
BRL,2021-04-05,0.17517
CAD,2021-04-05,0.79613
CHF,2021-04-05,1.06071
CZK,2021-04-05,0.0450321
DKK,2021-04-05,0.157931
ETB,2021-04-05,0.024130000000000002
EUR,2021-04-05,1.17477
GBP,2021-04-05,1.3850200000000001
GHS,2021-04-05,0.17357999999999998
ILS,2021-04-05,0.30091799999999996
INR,2021-04-05,0.0136315
JPY,2021-04-05,0.009044
KES,2021-04-05,0.00919884
MAD,2021-04-05,0.11041300000000001
MUR,2021-04-05,0.02474
MWK,2021-04-05,0.00127269
MXN,2021-04-05,0.049231199999999996
MYR,2021-04-05,0.241445
NGN,2021-04-05,0.002631578947
NOK,2021-04-05,0.11704400000000001
NZD,2021-04-05,0.702971
PEN,2021-04-05,0.267311
PLN,2021-04-05,0.255017
RUB,2021-04-05,0.013054
RWF,2021-04-05,0.00102004
SAR,2021-04-05,0.266667
SEK,2021-04-05,0.1143
SGD,2021-04-05,0.743121
sll,2021-04-05,9.79975e-05
THB,2021-04-05,0.031851599999999994
TZS,2021-04-05,0.000431187
UGX,2021-04-05,0.000273699
USD,2021-04-05,1.0
XAF,2021-04-05,0.00179092
XOF,2021-04-05,0.00179092
ZAR,2021-04-05,0.0682317
ZMK,2021-04-05,0.0453793
ZMW,2021-04-05,0.0453793
AED,2021-04-06,0.272294
ARS,2021-04-06,0.0108501
AUD,2021-04-06,0.763138
BRL,2021-04-06,0.176543
CAD,2021-04-06,0.797147
CHF,2021-04-06,1.06588
CZK,2021-04-06,0.0453376
DKK,2021-04-06,0.15884700000000002
ETB,2021-04-06,0.0240954
EUR,2021-04-06,1.1819
GBP,2021-04-06,1.3874
GHS,2021-04-06,0.174046
ILS,2021-04-06,0.302227
INR,2021-04-06,0.0136411
JPY,2021-04-06,0.00906514
KES,2021-04-06,0.00919779
MAD,2021-04-06,0.110649
MUR,2021-04-06,0.0246455
MWK,2021-04-06,0.00127272
MXN,2021-04-06,0.0491443
MYR,2021-04-06,0.24210900000000002
NGN,2021-04-06,0.002631578947
NOK,2021-04-06,0.11751900000000001
NZD,2021-04-06,0.7034
PEN,2021-04-06,0.271175
PLN,2021-04-06,0.257121
RUB,2021-04-06,0.0130895
RWF,2021-04-06,0.00100695
SAR,2021-04-06,0.266667
SEK,2021-04-06,0.114915
SGD,2021-04-06,0.746129
sll,2021-04-06,9.76191e-05
THB,2021-04-06,0.0318981
TZS,2021-04-06,0.00043122900000000004
UGX,2021-04-06,0.000273603
USD,2021-04-06,1.0
XAF,2021-04-06,0.00180137
XOF,2021-04-06,0.00180137
ZAR,2021-04-06,0.0685599
ZMK,2021-04-06,0.0455723
ZMW,2021-04-06,0.0455723
AED,2021-04-07,0.272294
ARS,2021-04-07,0.0108366
AUD,2021-04-07,0.7624894
BRL,2021-04-07,0.17884270000000002
CAD,2021-04-07,0.79261
CHF,2021-04-07,1.0743260000000001
CZK,2021-04-07,0.04572337
DKK,2021-04-07,0.159591
ETB,2021-04-07,0.024119400000000003
EUR,2021-04-07,1.1879
GBP,2021-04-07,1.3808
GHS,2021-04-07,0.1736152
ILS,2021-04-07,0.303196
INR,2021-04-07,0.01345826
JPY,2021-04-07,0.0090979
KES,2021-04-07,0.0092405
MAD,2021-04-07,0.1110969
MUR,2021-04-07,0.0247252
MWK,2021-04-07,0.00127264
MXN,2021-04-07,0.0494596
MYR,2021-04-07,0.2418576
NGN,2021-04-07,0.002631578947
NOK,2021-04-07,0.1177425
NZD,2021-04-07,0.7031378
PEN,2021-04-07,0.27520059999999996
PLN,2021-04-07,0.2586912
RUB,2021-04-07,0.012853
RWF,2021-04-07,0.0010074889999999999
SAR,2021-04-07,0.266667
SEK,2021-04-07,0.11598710000000001
SGD,2021-04-07,0.7457906
sll,2021-04-07,9.800629999999999e-05
THB,2021-04-07,0.031901799999999994
TZS,2021-04-07,0.000431183
UGX,2021-04-07,0.000273731
USD,2021-04-07,1.0
XAF,2021-04-07,0.00180927
XOF,2021-04-07,0.00180927
ZAR,2021-04-07,0.06871405
ZMK,2021-04-07,0.0453633
ZMW,2021-04-07,0.0453633
AED,2021-04-08,0.272294
ARS,2021-04-08,0.01083909
AUD,2021-04-08,0.7631899999999999
BRL,2021-04-08,0.1781614
CAD,2021-04-08,0.7931161
CHF,2021-04-08,1.077377
CZK,2021-04-08,0.0460241
DKK,2021-04-08,0.15975699999999998
ETB,2021-04-08,0.0241276
EUR,2021-04-08,1.1884
GBP,2021-04-08,1.3762
GHS,2021-04-08,0.1730161
ILS,2021-04-08,0.3042027
INR,2021-04-08,0.01345012
JPY,2021-04-08,0.00913615
KES,2021-04-08,0.00925977
MAD,2021-04-08,0.11134300000000001
MUR,2021-04-08,0.024653
MWK,2021-04-08,0.0012725999999999998
MXN,2021-04-08,0.0495645
MYR,2021-04-08,0.2417967
NGN,2021-04-08,0.002631578947
NOK,2021-04-08,0.1177817
NZD,2021-04-08,0.7024916
PEN,2021-04-08,0.2771223
PLN,2021-04-08,0.2606519
RUB,2021-04-08,0.012929499999999998
RWF,2021-04-08,0.00100744
SAR,2021-04-08,0.266667
SEK,2021-04-08,0.116244
SGD,2021-04-08,0.7457713
sll,2021-04-08,9.7835e-05
THB,2021-04-08,0.031804700000000005
TZS,2021-04-08,0.00043122699999999996
UGX,2021-04-08,0.0002738
USD,2021-04-08,1.0
XAF,2021-04-08,0.00181103
XOF,2021-04-08,0.00181103
ZAR,2021-04-08,0.06897360000000001
ZMK,2021-04-08,0.045094800000000004
ZMW,2021-04-08,0.045094800000000004
AED,2021-04-09,0.272294
ARS,2021-04-09,0.010835899999999999
AUD,2021-04-09,0.7612446999999999
BRL,2021-04-09,0.179597
CAD,2021-04-09,0.7940189999999999
CHF,2021-04-09,1.0802379999999998
CZK,2021-04-09,0.0457945
DKK,2021-04-09,0.1599338
ETB,2021-04-09,0.024124200000000002
EUR,2021-04-09,1.1898
GBP,2021-04-09,1.3703
GHS,2021-04-09,0.1733813
ILS,2021-04-09,0.304165
INR,2021-04-09,0.013359200000000002
JPY,2021-04-09,0.00912918
KES,2021-04-09,0.00930168
MAD,2021-04-09,0.1115137
MUR,2021-04-09,0.0245428
MWK,2021-04-09,0.00127264
MXN,2021-04-09,0.0495356
MYR,2021-04-09,0.2417491
NGN,2021-04-09,0.002631578947
NOK,2021-04-09,0.11745499999999999
NZD,2021-04-09,0.7022573000000001
PEN,2021-04-09,0.27793090000000004
PLN,2021-04-09,0.26200500000000004
RUB,2021-04-09,0.0129648
RWF,2021-04-09,0.00100743
SAR,2021-04-09,0.266667
SEK,2021-04-09,0.11694280000000001
SGD,2021-04-09,0.7452300000000001
sll,2021-04-09,9.7884e-05
THB,2021-04-09,0.03181327
TZS,2021-04-09,0.00043121800000000003
UGX,2021-04-09,0.00027427
USD,2021-04-09,1.0
XAF,2021-04-09,0.0018128
XOF,2021-04-09,0.0018128
ZAR,2021-04-09,0.06855499999999999
ZMK,2021-04-09,0.045392400000000006
ZMW,2021-04-09,0.045392400000000006
AED,2021-04-10,0.272294
ARS,2021-04-10,0.010835899999999999
AUD,2021-04-10,0.7612446999999999
BRL,2021-04-10,0.179597
CAD,2021-04-10,0.7940189999999999
CHF,2021-04-10,1.0802379999999998
CZK,2021-04-10,0.0457945
DKK,2021-04-10,0.1599338
ETB,2021-04-10,0.024124200000000002
EUR,2021-04-10,1.1898
GBP,2021-04-10,1.3703
GHS,2021-04-10,0.1733813
ILS,2021-04-10,0.304165
INR,2021-04-10,0.013359200000000002
JPY,2021-04-10,0.00912918
KES,2021-04-10,0.00930168
MAD,2021-04-10,0.1115137
MUR,2021-04-10,0.0245428
MWK,2021-04-10,0.00127264
MXN,2021-04-10,0.0495356
MYR,2021-04-10,0.2417491
NGN,2021-04-10,0.002631578947
NOK,2021-04-10,0.11745499999999999
NZD,2021-04-10,0.7022573000000001
PEN,2021-04-10,0.27793090000000004
PLN,2021-04-10,0.26200500000000004
RUB,2021-04-10,0.0129648
RWF,2021-04-10,0.00100743
SAR,2021-04-10,0.266667
SEK,2021-04-10,0.11694280000000001
SGD,2021-04-10,0.7452300000000001
sll,2021-04-10,9.7884e-05
THB,2021-04-10,0.03181327
TZS,2021-04-10,0.00043121800000000003
UGX,2021-04-10,0.00027427
USD,2021-04-10,1.0
XAF,2021-04-10,0.0018128
XOF,2021-04-10,0.0018128
ZAR,2021-04-10,0.06855499999999999
ZMK,2021-04-10,0.045392400000000006
ZMW,2021-04-10,0.045392400000000006
AED,2021-04-11,0.272294
ARS,2021-04-11,0.010835899999999999
AUD,2021-04-11,0.7612446999999999
BRL,2021-04-11,0.179597
CAD,2021-04-11,0.7940189999999999
CHF,2021-04-11,1.0802379999999998
CZK,2021-04-11,0.0457945
DKK,2021-04-11,0.1599338
ETB,2021-04-11,0.024124200000000002
EUR,2021-04-11,1.1898
GBP,2021-04-11,1.3703
GHS,2021-04-11,0.1733813
ILS,2021-04-11,0.304165
INR,2021-04-11,0.013359200000000002
JPY,2021-04-11,0.00912918
KES,2021-04-11,0.00930168
MAD,2021-04-11,0.1115137
MUR,2021-04-11,0.0245428
MWK,2021-04-11,0.00127264
MXN,2021-04-11,0.0495356
MYR,2021-04-11,0.2417491
NGN,2021-04-11,0.002631578947
NOK,2021-04-11,0.11745499999999999
NZD,2021-04-11,0.7022573000000001
PEN,2021-04-11,0.27793090000000004
PLN,2021-04-11,0.26200500000000004
RUB,2021-04-11,0.0129648
RWF,2021-04-11,0.00100743
SAR,2021-04-11,0.266667
SEK,2021-04-11,0.11694280000000001
SGD,2021-04-11,0.7452300000000001
sll,2021-04-11,9.7884e-05
THB,2021-04-11,0.03181327
TZS,2021-04-11,0.00043121800000000003
UGX,2021-04-11,0.00027427
USD,2021-04-11,1.0
XAF,2021-04-11,0.0018128
XOF,2021-04-11,0.0018128
ZAR,2021-04-11,0.06855499999999999
ZMK,2021-04-11,0.045392400000000006
ZMW,2021-04-11,0.045392400000000006
AED,2021-04-12,0.272294
ARS,2021-04-12,0.0108286
AUD,2021-04-12,0.761359
BRL,2021-04-12,0.175973
CAD,2021-04-12,0.7959
CHF,2021-04-12,1.08071
CZK,2021-04-12,0.0455343
DKK,2021-04-12,0.159659
ETB,2021-04-12,0.024043000000000002
EUR,2021-04-12,1.1875
GBP,2021-04-12,1.3731
GHS,2021-04-12,0.17308900000000002
ILS,2021-04-12,0.303627
INR,2021-04-12,0.0133482
JPY,2021-04-12,0.00913686
KES,2021-04-12,0.00932064
MAD,2021-04-12,0.111507
MUR,2021-04-12,0.0247494
MWK,2021-04-12,0.00127322
MXN,2021-04-12,0.0494733
MYR,2021-04-12,0.241738
NGN,2021-04-12,0.002631578947
NOK,2021-04-12,0.11732100000000001
NZD,2021-04-12,0.702994
PEN,2021-04-12,0.275938
PLN,2021-04-12,0.262088
RUB,2021-04-12,0.0128727
RWF,2021-04-12,0.00100712
SAR,2021-04-12,0.266667
SEK,2021-04-12,0.11671300000000001
SGD,2021-04-12,0.74505
sll,2021-04-12,9.77651e-05
THB,2021-04-12,0.031675299999999997
TZS,2021-04-12,0.00043121800000000003
UGX,2021-04-12,0.000274547
USD,2021-04-12,1.0
XAF,2021-04-12,0.00181027
XOF,2021-04-12,0.00181027
ZAR,2021-04-12,0.0682301
ZMK,2021-04-12,0.0451523
ZMW,2021-04-12,0.0451523
AED,2021-04-13,0.272294
ARS,2021-04-13,0.010802200000000001
AUD,2021-04-13,0.760834
BRL,2021-04-13,0.174414
CAD,2021-04-13,0.794752
CHF,2021-04-13,1.08166
CZK,2021-04-13,0.0457319
DKK,2021-04-13,0.16007000000000002
ETB,2021-04-13,0.0242106
EUR,2021-04-13,1.1904
GBP,2021-04-13,1.3749
GHS,2021-04-13,0.173275
ILS,2021-04-13,0.303194
INR,2021-04-13,0.0132782
JPY,2021-04-13,0.00914743
KES,2021-04-13,0.00935353
MAD,2021-04-13,0.11176199999999999
MUR,2021-04-13,0.024774400000000002
MWK,2021-04-13,0.00127252
MXN,2021-04-13,0.049632199999999994
MYR,2021-04-13,0.241856
NGN,2021-04-13,0.002631578947
NOK,2021-04-13,0.117651
NZD,2021-04-13,0.7020000000000001
PEN,2021-04-13,0.276023
PLN,2021-04-13,0.2614
RUB,2021-04-13,0.0129523
RWF,2021-04-13,0.00102209
SAR,2021-04-13,0.266667
SEK,2021-04-13,0.11671600000000001
SGD,2021-04-13,0.745436
sll,2021-04-13,9.78109e-05
THB,2021-04-13,0.0317022
TZS,2021-04-13,0.000431175
UGX,2021-04-13,0.000275866
USD,2021-04-13,1.0
XAF,2021-04-13,0.00181481
XOF,2021-04-13,0.00181481
ZAR,2021-04-13,0.06870710000000001
ZMK,2021-04-13,0.0450773
ZMW,2021-04-13,0.0450773
AED,2021-04-14,0.272294
ARS,2021-04-14,0.0107964
AUD,2021-04-14,0.7679963000000001
BRL,2021-04-14,0.1748939
CAD,2021-04-14,0.7964458000000001
CHF,2021-04-14,1.086789
CZK,2021-04-14,0.0461417
DKK,2021-04-14,0.1608371
ETB,2021-04-14,0.0241665
EUR,2021-04-14,1.196
GBP,2021-04-14,1.3784
GHS,2021-04-14,0.17306229999999995
ILS,2021-04-14,0.30394829999999995
INR,2021-04-14,0.01330259
JPY,2021-04-14,0.00917548
KES,2021-04-14,0.00936334
MAD,2021-04-14,0.11193
MUR,2021-04-14,0.0246022
MWK,2021-04-14,0.0012727
MXN,2021-04-14,0.049738199999999996
MYR,2021-04-14,0.2421347
NGN,2021-04-14,0.002631578947
NOK,2021-04-14,0.1184214
NZD,2021-04-14,0.7095832
PEN,2021-04-14,0.275077
PLN,2021-04-14,0.26260170000000005
RUB,2021-04-14,0.01321682
RWF,2021-04-14,0.00102209
SAR,2021-04-14,0.266667
SEK,2021-04-14,0.1179069
SGD,2021-04-14,0.748025
sll,2021-04-14,9.782200000000001e-05
THB,2021-04-14,0.03186
TZS,2021-04-14,0.00043117
UGX,2021-04-14,0.00027692900000000003
USD,2021-04-14,1.0
XAF,2021-04-14,0.00182451
XOF,2021-04-14,0.00182451
ZAR,2021-04-14,0.068899
ZMK,2021-04-14,0.0450926
ZMW,2021-04-14,0.0450926
AED,2021-04-15,0.272294
ARS,2021-04-15,0.01079137
AUD,2021-04-15,0.7750779999999999
BRL,2021-04-15,0.17684
CAD,2021-04-15,0.8006502
CHF,2021-04-15,1.083491
CZK,2021-04-15,0.0461434
DKK,2021-04-15,0.1610396
ETB,2021-04-15,0.0241785
EUR,2021-04-15,1.1981
GBP,2021-04-15,1.3795
GHS,2021-04-15,0.173025
ILS,2021-04-15,0.304739
INR,2021-04-15,0.013328399999999999
JPY,2021-04-15,0.00918378
KES,2021-04-15,0.00934315
MAD,2021-04-15,0.111954
MUR,2021-04-15,0.0246791
MWK,2021-04-15,0.00127352
MXN,2021-04-15,0.0499398
MYR,2021-04-15,0.24228070000000002
NGN,2021-04-15,0.002631578947
NOK,2021-04-15,0.11932407
NZD,2021-04-15,0.7170026999999999
PEN,2021-04-15,0.2752112
PLN,2021-04-15,0.26297550000000003
RUB,2021-04-15,0.01301461
RWF,2021-04-15,0.00102218
SAR,2021-04-15,0.266667
SEK,2021-04-15,0.1181749
SGD,2021-04-15,0.7490312
sll,2021-04-15,9.75935e-05
THB,2021-04-15,0.0320357
TZS,2021-04-15,0.000431158
UGX,2021-04-15,0.00027598200000000003
USD,2021-04-15,1.0
XAF,2021-04-15,0.00182583
XOF,2021-04-15,0.00182583
ZAR,2021-04-15,0.069765
ZMK,2021-04-15,0.0450724
ZMW,2021-04-15,0.0450724
AED,2021-04-16,0.272294
ARS,2021-04-16,0.0107845
AUD,2021-04-16,0.774425
BRL,2021-04-16,0.178035
CAD,2021-04-16,0.798912
CHF,2021-04-16,1.08899
CZK,2021-04-16,0.0462592
DKK,2021-04-16,0.161162
ETB,2021-04-16,0.023990900000000003
EUR,2021-04-16,1.1986
GBP,2021-04-16,1.3755
GHS,2021-04-16,0.173178
ILS,2021-04-16,0.30482
INR,2021-04-16,0.013447899999999999
JPY,2021-04-16,0.00918296
KES,2021-04-16,0.00931191
MAD,2021-04-16,0.11199400000000001
MUR,2021-04-16,0.024634
MWK,2021-04-16,0.00127262
MXN,2021-04-16,0.050136
MYR,2021-04-16,0.242419
NGN,2021-04-16,0.002631578947
NOK,2021-04-16,0.11938800000000001
NZD,2021-04-16,0.716123
PEN,2021-04-16,0.275746
PLN,2021-04-16,0.263811
RUB,2021-04-16,0.013233100000000001
RWF,2021-04-16,0.00100021
SAR,2021-04-16,0.266667
SEK,2021-04-16,0.118708
SGD,2021-04-16,0.749384
sll,2021-04-16,9.760440000000001e-05
THB,2021-04-16,0.031977
TZS,2021-04-16,0.00043123
UGX,2021-04-16,0.000276129
USD,2021-04-16,1.0
XAF,2021-04-16,0.00182727
XOF,2021-04-16,0.00182727
ZAR,2021-04-16,0.07022460000000001
ZMK,2021-04-16,0.0450791
ZMW,2021-04-16,0.0450791
AED,2021-04-17,0.272294
ARS,2021-04-17,0.0107845
AUD,2021-04-17,0.774425
BRL,2021-04-17,0.178035
CAD,2021-04-17,0.798912
CHF,2021-04-17,1.08899
CZK,2021-04-17,0.0462592
DKK,2021-04-17,0.161162
ETB,2021-04-17,0.023990900000000003
EUR,2021-04-17,1.1986
GBP,2021-04-17,1.3755
GHS,2021-04-17,0.173178
ILS,2021-04-17,0.30482
INR,2021-04-17,0.013447899999999999
JPY,2021-04-17,0.00918296
KES,2021-04-17,0.00931191
MAD,2021-04-17,0.11199400000000001
MUR,2021-04-17,0.024634
MWK,2021-04-17,0.00127262
MXN,2021-04-17,0.050136
MYR,2021-04-17,0.242419
NGN,2021-04-17,0.002631578947
NOK,2021-04-17,0.11938800000000001
NZD,2021-04-17,0.716123
PEN,2021-04-17,0.275746
PLN,2021-04-17,0.263811
RUB,2021-04-17,0.013233100000000001
RWF,2021-04-17,0.00100021
SAR,2021-04-17,0.266667
SEK,2021-04-17,0.118708
SGD,2021-04-17,0.749384
sll,2021-04-17,9.760440000000001e-05
THB,2021-04-17,0.031977
TZS,2021-04-17,0.00043123
UGX,2021-04-17,0.000276129
USD,2021-04-17,1.0
XAF,2021-04-17,0.00182727
XOF,2021-04-17,0.00182727
ZAR,2021-04-17,0.07022460000000001
ZMK,2021-04-17,0.0450791
ZMW,2021-04-17,0.0450791
AED,2021-04-18,0.272294
ARS,2021-04-18,0.0107845
AUD,2021-04-18,0.774425
BRL,2021-04-18,0.178035
CAD,2021-04-18,0.798912
CHF,2021-04-18,1.08899
CZK,2021-04-18,0.0462592
DKK,2021-04-18,0.161162
ETB,2021-04-18,0.023990900000000003
EUR,2021-04-18,1.1986
GBP,2021-04-18,1.3755
GHS,2021-04-18,0.173178
ILS,2021-04-18,0.30482
INR,2021-04-18,0.013447899999999999
JPY,2021-04-18,0.00918296
KES,2021-04-18,0.00931191
MAD,2021-04-18,0.11199400000000001
MUR,2021-04-18,0.024634
MWK,2021-04-18,0.00127262
MXN,2021-04-18,0.050136
MYR,2021-04-18,0.242419
NGN,2021-04-18,0.002631578947
NOK,2021-04-18,0.11938800000000001
NZD,2021-04-18,0.716123
PEN,2021-04-18,0.275746
PLN,2021-04-18,0.263811
RUB,2021-04-18,0.013233100000000001
RWF,2021-04-18,0.00100021
SAR,2021-04-18,0.266667
SEK,2021-04-18,0.118708
SGD,2021-04-18,0.749384
sll,2021-04-18,9.760440000000001e-05
THB,2021-04-18,0.031977
TZS,2021-04-18,0.00043123
UGX,2021-04-18,0.000276129
USD,2021-04-18,1.0
XAF,2021-04-18,0.00182727
XOF,2021-04-18,0.00182727
ZAR,2021-04-18,0.07022460000000001
ZMK,2021-04-18,0.0450791
ZMW,2021-04-18,0.0450791
AED,2021-04-19,0.272294
ARS,2021-04-19,0.010809200000000001
AUD,2021-04-19,0.7764439999999999
BRL,2021-04-19,0.1788254
CAD,2021-04-19,0.800859
CHF,2021-04-19,1.090641
CZK,2021-04-19,0.0463699
DKK,2021-04-19,0.16159520000000002
ETB,2021-04-19,0.023895
EUR,2021-04-19,1.20175
GBP,2021-04-19,1.3873
GHS,2021-04-19,0.17280910000000002
ILS,2021-04-19,0.305562
INR,2021-04-19,0.013356100000000001
JPY,2021-04-19,0.00924898
KES,2021-04-19,0.0092839
MAD,2021-04-19,0.1116586
MUR,2021-04-19,0.0247272
MWK,2021-04-19,0.001273
MXN,2021-04-19,0.0503751
MYR,2021-04-19,0.242423
NGN,2021-04-19,0.002631578947
NOK,2021-04-19,0.12041580000000005
NZD,2021-04-19,0.7180437
PEN,2021-04-19,0.2752127
PLN,2021-04-19,0.2642782
RUB,2021-04-19,0.013118200000000002
RWF,2021-04-19,0.0009979
SAR,2021-04-19,0.266667
SEK,2021-04-19,0.119125
SGD,2021-04-19,0.7510060000000001
sll,2021-04-19,9.784790000000001e-05
THB,2021-04-19,0.03202463
TZS,2021-04-19,0.00043117
UGX,2021-04-19,0.000276348
USD,2021-04-19,1.0
XAF,2021-04-19,0.001833085
XOF,2021-04-19,0.001833085
ZAR,2021-04-19,0.0704779
ZMK,2021-04-19,0.0449011
ZMW,2021-04-19,0.0449011
AED,2021-04-20,0.272294
ARS,2021-04-20,0.0107625
AUD,2021-04-20,0.7803176
BRL,2021-04-20,0.1803411
CAD,2021-04-20,0.800375
CHF,2021-04-20,1.0928639999999998
CZK,2021-04-20,0.04656969999999999
DKK,2021-04-20,0.162254
ETB,2021-04-20,0.023902
EUR,2021-04-20,1.2069
GBP,2021-04-20,1.3988
GHS,2021-04-20,0.173406
ILS,2021-04-20,0.307477
INR,2021-04-20,0.0133803
JPY,2021-04-20,0.0092234
KES,2021-04-20,0.00925101
MAD,2021-04-20,0.11229949999999997
MUR,2021-04-20,0.0247403
MWK,2021-04-20,0.00127188
MXN,2021-04-20,0.0504328
MYR,2021-04-20,0.243062
NGN,2021-04-20,0.002631578947
NOK,2021-04-20,0.12089200000000001
NZD,2021-04-20,0.722353
PEN,2021-04-20,0.27221259999999997
PLN,2021-04-20,0.2650118
RUB,2021-04-20,0.0131523
RWF,2021-04-20,0.00099791
SAR,2021-04-20,0.266667
SEK,2021-04-20,0.11934901
SGD,2021-04-20,0.7537166999999999
sll,2021-04-20,9.7816e-05
THB,2021-04-20,0.03201268
TZS,2021-04-20,0.000431314
UGX,2021-04-20,0.000276185
USD,2021-04-20,1.0
XAF,2021-04-20,0.00183963
XOF,2021-04-20,0.00183963
ZAR,2021-04-20,0.0700542
ZMK,2021-04-20,0.0450427
ZMW,2021-04-20,0.0450427
AED,2021-04-21,0.272294
ARS,2021-04-21,0.010754399999999999
AUD,2021-04-21,0.7718149999999999
BRL,2021-04-21,0.1795595
CAD,2021-04-21,0.7945448
CHF,2021-04-21,1.089329
CZK,2021-04-21,0.0463796
DKK,2021-04-21,0.1614904
ETB,2021-04-21,0.024178799999999997
EUR,2021-04-21,1.2011
GBP,2021-04-21,1.3933
GHS,2021-04-21,0.1733578
ILS,2021-04-21,0.306829
INR,2021-04-21,0.013256100000000002
JPY,2021-04-21,0.00923814
KES,2021-04-21,0.009240100000000001
MAD,2021-04-21,0.1119212
MUR,2021-04-21,0.02459362
MWK,2021-04-21,0.00127051
MXN,2021-04-21,0.0501925
MYR,2021-04-21,0.2428788
NGN,2021-04-21,0.002631578947
NOK,2021-04-21,0.11975919999999995
NZD,2021-04-21,0.7184624
PEN,2021-04-21,0.27082090000000003
PLN,2021-04-21,0.263836
RUB,2021-04-21,0.013004399999999998
RWF,2021-04-21,0.00101824
SAR,2021-04-21,0.266667
SEK,2021-04-21,0.11827080000000001
SGD,2021-04-21,0.752242
sll,2021-04-21,9.802e-05
THB,2021-04-21,0.031935200000000004
TZS,2021-04-21,0.000431259
UGX,2021-04-21,0.00027626
USD,2021-04-21,1.0
XAF,2021-04-21,0.00183162
XOF,2021-04-21,0.00183162
ZAR,2021-04-21,0.06992330000000001
ZMK,2021-04-21,0.0450556
ZMW,2021-04-21,0.0450556
AED,2021-04-22,0.272294
ARS,2021-04-22,0.01075805
AUD,2021-04-22,0.7750005
BRL,2021-04-22,0.1795289
CAD,2021-04-22,0.800058
CHF,2021-04-22,1.092698
CZK,2021-04-22,0.0465589
DKK,2021-04-22,0.161897
ETB,2021-04-22,0.0241766
EUR,2021-04-22,1.2046
GBP,2021-04-22,1.3931
GHS,2021-04-22,0.1731842
ILS,2021-04-22,0.306345
INR,2021-04-22,0.013338
JPY,2021-04-22,0.00926152
KES,2021-04-22,0.0092207
MAD,2021-04-22,0.11210910000000003
MUR,2021-04-22,0.0247238
MWK,2021-04-22,0.0012676999999999999
MXN,2021-04-22,0.0012676999999999999
MYR,2021-04-22,0.243294
NGN,2021-04-22,0.002631578947
NOK,2021-04-22,0.120119
NZD,2021-04-22,0.718577
PEN,2021-04-22,0.2694616
PLN,2021-04-22,0.264377
RUB,2021-04-22,0.013078799999999998
RWF,2021-04-22,0.00101747
SAR,2021-04-22,0.266667
SEK,2021-04-22,0.11891099999999999
SGD,2021-04-22,0.753137
sll,2021-04-22,9.7872e-05
THB,2021-04-22,0.0319184
TZS,2021-04-22,0.00043121
UGX,2021-04-22,0.00027721
USD,2021-04-22,1.0
XAF,2021-04-22,0.0018352999999999998
XOF,2021-04-22,0.0018352999999999998
ZAR,2021-04-22,0.0700857
ZMK,2021-04-22,0.0449639
ZMW,2021-04-22,0.0449639
AED,2021-04-23,0.272294
ARS,2021-04-23,0.0107442
AUD,2021-04-23,0.773425
BRL,2021-04-23,0.1836629
CAD,2021-04-23,0.8011685000000001
CHF,2021-04-23,1.0910090000000001
CZK,2021-04-23,0.0466409
DKK,2021-04-23,0.16209300000000001
ETB,2021-04-23,0.023981099999999998
EUR,2021-04-23,1.2054
GBP,2021-04-23,1.3885
GHS,2021-04-23,0.1731007
ILS,2021-04-23,0.307317
INR,2021-04-23,0.0133381
JPY,2021-04-23,0.00926589
KES,2021-04-23,0.00920676
MAD,2021-04-23,0.11219100000000001
MUR,2021-04-23,0.024569499999999998
MWK,2021-04-23,0.0012664999999999998
MXN,2021-04-23,0.050273000000000005
MYR,2021-04-23,0.2434037000000001
NGN,2021-04-23,0.002631578947
NOK,2021-04-23,0.12007670000000001
NZD,2021-04-23,0.7183606
PEN,2021-04-23,0.26616290000000004
PLN,2021-04-23,0.2642122
RUB,2021-04-23,0.0133125
RWF,2021-04-23,0.00101432
SAR,2021-04-23,0.266667
SEK,2021-04-23,0.1190772
SGD,2021-04-23,0.753165
sll,2021-04-23,9.784110000000001e-05
THB,2021-04-23,0.031824200000000004
TZS,2021-04-23,0.00043117599999999997
UGX,2021-04-23,0.00043117599999999997
USD,2021-04-23,1.0
XAF,2021-04-23,0.00183838
XOF,2021-04-23,0.00183838
ZAR,2021-04-23,0.06994199999999999
ZMK,2021-04-23,0.0449518
ZMW,2021-04-23,0.0449518
AED,2021-04-24,0.272294
ARS,2021-04-24,0.0107442
AUD,2021-04-24,0.773425
BRL,2021-04-24,0.1836629
CAD,2021-04-24,0.8011685000000001
CHF,2021-04-24,1.0910090000000001
CZK,2021-04-24,0.0466409
DKK,2021-04-24,0.16209300000000001
ETB,2021-04-24,0.023981099999999998
EUR,2021-04-24,1.2054
GBP,2021-04-24,1.3885
GHS,2021-04-24,0.1731007
ILS,2021-04-24,0.307317
INR,2021-04-24,0.0133381
JPY,2021-04-24,0.00926589
KES,2021-04-24,0.00920676
MAD,2021-04-24,0.11219100000000001
MUR,2021-04-24,0.024569499999999998
MWK,2021-04-24,0.0012664999999999998
MXN,2021-04-24,0.050273000000000005
MYR,2021-04-24,0.2434037000000001
NGN,2021-04-24,0.002631578947
NOK,2021-04-24,0.12007670000000001
NZD,2021-04-24,0.7183606
PEN,2021-04-24,0.26616290000000004
PLN,2021-04-24,0.2642122
RUB,2021-04-24,0.0133125
RWF,2021-04-24,0.00101432
SAR,2021-04-24,0.266667
SEK,2021-04-24,0.1190772
SGD,2021-04-24,0.753165
sll,2021-04-24,9.784110000000001e-05
THB,2021-04-24,0.031824200000000004
TZS,2021-04-24,0.00043117599999999997
UGX,2021-04-24,0.00043117599999999997
USD,2021-04-24,1.0
XAF,2021-04-24,0.00183838
XOF,2021-04-24,0.00183838
ZAR,2021-04-24,0.06994199999999999
ZMK,2021-04-24,0.0449518
ZMW,2021-04-24,0.0449518
AED,2021-04-25,0.272294
ARS,2021-04-25,0.0107442
AUD,2021-04-25,0.773425
BRL,2021-04-25,0.1836629
CAD,2021-04-25,0.8011685000000001
CHF,2021-04-25,1.0910090000000001
CZK,2021-04-25,0.0466409
DKK,2021-04-25,0.16209300000000001
ETB,2021-04-25,0.023981099999999998
EUR,2021-04-25,1.2054
GBP,2021-04-25,1.3885
GHS,2021-04-25,0.1731007
ILS,2021-04-25,0.307317
INR,2021-04-25,0.0133381
JPY,2021-04-25,0.00926589
KES,2021-04-25,0.00920676
MAD,2021-04-25,0.11219100000000001
MUR,2021-04-25,0.024569499999999998
MWK,2021-04-25,0.0012664999999999998
MXN,2021-04-25,0.050273000000000005
MYR,2021-04-25,0.2434037000000001
NGN,2021-04-25,0.002631578947
NOK,2021-04-25,0.12007670000000001
NZD,2021-04-25,0.7183606
PEN,2021-04-25,0.26616290000000004
PLN,2021-04-25,0.2642122
RUB,2021-04-25,0.0133125
RWF,2021-04-25,0.00101432
SAR,2021-04-25,0.266667
SEK,2021-04-25,0.1190772
SGD,2021-04-25,0.753165
sll,2021-04-25,9.784110000000001e-05
THB,2021-04-25,0.031824200000000004
TZS,2021-04-25,0.00043117599999999997
UGX,2021-04-25,0.00043117599999999997
USD,2021-04-25,1.0
XAF,2021-04-25,0.00183838
XOF,2021-04-25,0.00183838
ZAR,2021-04-25,0.06994199999999999
ZMK,2021-04-25,0.0449518
ZMW,2021-04-25,0.0449518
AED,2021-04-26,0.272294
ARS,2021-04-26,0.0107389
AUD,2021-04-26,0.7781675
BRL,2021-04-26,0.1826632
CAD,2021-04-26,0.8024775
CHF,2021-04-26,1.0940614
CZK,2021-04-26,0.0468475
DKK,2021-04-26,0.16270420000000002
ETB,2021-04-26,0.02386715
EUR,2021-04-26,1.2096
GBP,2021-04-26,1.39202
GHS,2021-04-26,0.1733616
ILS,2021-04-26,0.3081842
INR,2021-04-26,0.0133851
JPY,2021-04-26,0.0092846
KES,2021-04-26,0.0092374
MAD,2021-04-26,0.11260239999999999
MUR,2021-04-26,0.024778799999999997
MWK,2021-04-26,0.00126599
MXN,2021-04-26,0.0504499
MYR,2021-04-26,0.24372600000000005
NGN,2021-04-26,0.002631578947
NOK,2021-04-26,0.12064849999999999
NZD,2021-04-26,0.7216600999999999
PEN,2021-04-26,0.2639551
PLN,2021-04-26,0.2656044
RUB,2021-04-26,0.01337008
RWF,2021-04-26,0.00101446
SAR,2021-04-26,0.266667
SEK,2021-04-26,0.1195226
SGD,2021-04-26,0.754682
sll,2021-04-26,9.800700000000001e-05
THB,2021-04-26,0.0318087
TZS,2021-04-26,0.00043123900000000004
UGX,2021-04-26,0.00027749999999999997
USD,2021-04-26,1.0
XAF,2021-04-26,0.00184398
XOF,2021-04-26,0.00184398
ZAR,2021-04-26,0.0702146
ZMK,2021-04-26,0.0450409
ZMW,2021-04-26,0.0450409
AED,2021-04-27,0.272294
ARS,2021-04-27,0.0107195
AUD,2021-04-27,0.7775810999999999
BRL,2021-04-27,0.18391649999999998
CAD,2021-04-27,0.8056736
CHF,2021-04-27,1.0906001
CZK,2021-04-27,0.04662619999999999
DKK,2021-04-27,0.162215
ETB,2021-04-27,0.023752099999999998
EUR,2021-04-27,1.2071
GBP,2021-04-27,1.3888
GHS,2021-04-27,0.1730342
ILS,2021-04-27,0.30836240000000004
INR,2021-04-27,0.01339052
JPY,2021-04-27,0.0092293
KES,2021-04-27,0.00928331
MAD,2021-04-27,0.1122277
MUR,2021-04-27,0.0247303
MWK,2021-04-27,0.00126451
MXN,2021-04-27,0.0502409
MYR,2021-04-27,0.2440548
NGN,2021-04-27,0.002631578947
NOK,2021-04-27,0.12046789999999999
NZD,2021-04-27,0.720816
PEN,2021-04-27,0.2604719
PLN,2021-04-27,0.264818
RUB,2021-04-27,0.0133477
RWF,2021-04-27,0.00101703
SAR,2021-04-27,0.266667
SEK,2021-04-27,0.1190001
SGD,2021-04-27,0.7539224
sll,2021-04-27,9.7778e-05
THB,2021-04-27,0.0318498
TZS,2021-04-27,0.000431305
UGX,2021-04-27,0.000277242
USD,2021-04-27,1.0
XAF,2021-04-27,0.0018393
XOF,2021-04-27,0.0018393
ZAR,2021-04-27,0.0698096
ZMK,2021-04-27,0.0448695
ZMW,2021-04-27,0.0448695
AED,2021-04-28,0.272294
ARS,2021-04-28,0.01071451
AUD,2021-04-28,0.774237
BRL,2021-04-28,0.1833852
CAD,2021-04-28,0.805768
CHF,2021-04-28,1.0919584
CZK,2021-04-28,0.046486900000000005
DKK,2021-04-28,0.1624318
ETB,2021-04-28,0.0237596
EUR,2021-04-28,1.2075
GBP,2021-04-28,1.3876
GHS,2021-04-28,0.173218
ILS,2021-04-28,0.3073616
INR,2021-04-28,0.0134328
JPY,2021-04-28,0.009176308000000001
KES,2021-04-28,0.00927066
MAD,2021-04-28,0.11233130000000001
MUR,2021-04-28,0.024746900000000002
MWK,2021-04-28,0.0012634
MXN,2021-04-28,0.049841
MYR,2021-04-28,0.243773
NGN,2021-04-28,0.002631578947
NOK,2021-04-28,0.12081099999999999
NZD,2021-04-28,0.7201506
PEN,2021-04-28,0.260446
PLN,2021-04-28,0.263581
RUB,2021-04-28,0.0133442
RWF,2021-04-28,0.00101683
SAR,2021-04-28,0.266667
SEK,2021-04-28,0.11930650000000001
SGD,2021-04-28,0.7537073000000001
sll,2021-04-28,9.7786e-05
THB,2021-04-28,0.0318618
TZS,2021-04-28,0.000431196
UGX,2021-04-28,0.00027756
USD,2021-04-28,1.0
XAF,2021-04-28,0.00184042
XOF,2021-04-28,0.00184042
ZAR,2021-04-28,0.06934760000000001
ZMK,2021-04-28,0.044887
ZMW,2021-04-28,0.044887
AED,2021-04-29,0.272294
ARS,2021-04-29,0.0107027
AUD,2021-04-29,0.778921
BRL,2021-04-29,0.1871816
CAD,2021-04-29,0.8128340000000001
CHF,2021-04-29,1.09818
CZK,2021-04-29,0.0468414
DKK,2021-04-29,0.16295720000000002
ETB,2021-04-29,0.0240037
EUR,2021-04-29,1.2115
GBP,2021-04-29,1.3964
GHS,2021-04-29,0.1734268
ILS,2021-04-29,0.308086
INR,2021-04-29,0.013516
JPY,2021-04-29,0.00918119
KES,2021-04-29,0.0092891
MAD,2021-04-29,0.1124989
MUR,2021-04-29,0.024827000000000002
MWK,2021-04-29,0.00126244
MXN,2021-04-29,0.0502728
MYR,2021-04-29,0.2437653
NGN,2021-04-29,0.002631578947
NOK,2021-04-29,0.12191010000000001
NZD,2021-04-29,0.7253642
PEN,2021-04-29,0.2652093
PLN,2021-04-29,0.2645
RUB,2021-04-29,0.013470600000000001
RWF,2021-04-29,0.0010169
SAR,2021-04-29,0.266667
SEK,2021-04-29,0.1197683
SGD,2021-04-29,0.7545988
sll,2021-04-29,9.775e-05
THB,2021-04-29,0.032044
TZS,2021-04-29,0.00043123
UGX,2021-04-29,0.00027831599999999997
USD,2021-04-29,1.0
XAF,2021-04-29,0.0018475000000000002
XOF,2021-04-29,0.0018475000000000002
ZAR,2021-04-29,0.0704628
ZMK,2021-04-29,0.0450691
ZMW,2021-04-29,0.0450691
AED,2021-04-30,0.272294
ARS,2021-04-30,0.0106956
AUD,2021-04-30,0.7764564
BRL,2021-04-30,0.1873207
CAD,2021-04-30,0.8141338
CHF,2021-04-30,1.100018
CZK,2021-04-30,0.0468009
DKK,2021-04-30,0.1627371
ETB,2021-04-30,0.023752099999999998
EUR,2021-04-30,1.2115
GBP,2021-04-30,1.3964
GHS,2021-04-30,0.17324270000000005
ILS,2021-04-30,0.307952
INR,2021-04-30,0.0135013
JPY,2021-04-30,0.00918519
KES,2021-04-30,0.0092719
MAD,2021-04-30,0.1121748
MUR,2021-04-30,0.0248081
MWK,2021-04-30,0.00126258
MXN,2021-04-30,0.0497861
MYR,2021-04-30,0.24357240000000002
NGN,2021-04-30,0.002631578947
NOK,2021-04-30,0.12174829999999999
NZD,2021-04-30,0.723585
PEN,2021-04-30,0.2641104
PLN,2021-04-30,0.265069
RUB,2021-04-30,0.0133305
RWF,2021-04-30,0.0010175000000000002
SAR,2021-04-30,0.266667
SEK,2021-04-30,0.1191509
SGD,2021-04-30,0.753004
sll,2021-04-30,9.7712e-05
THB,2021-04-30,0.0320658
TZS,2021-04-30,0.00043121
UGX,2021-04-30,0.00027953
USD,2021-04-30,1.0
XAF,2021-04-30,0.00184516
XOF,2021-04-30,0.00184516
ZAR,2021-04-30,0.06951009
ZMK,2021-04-30,0.0448476
ZMW,2021-04-30,0.0448476
AED,2021-05-01,0.272294
ARS,2021-05-01,0.0106849
AUD,2021-05-01,0.7724300000000001
BRL,2021-05-01,0.183925
CAD,2021-05-01,0.8129649999999999
CHF,2021-05-01,1.09546
CZK,2021-05-01,0.046616000000000005
DKK,2021-05-01,0.161901
ETB,2021-05-01,0.0237524
EUR,2021-05-01,1.2039
GBP,2021-05-01,1.3842
GHS,2021-05-01,0.172654
ILS,2021-05-01,0.30785300000000004
INR,2021-05-01,0.013491
JPY,2021-05-01,0.00911889
KES,2021-05-01,0.00927678
MAD,2021-05-01,0.111654
MUR,2021-05-01,0.0247791
MWK,2021-05-01,0.00126097
MXN,2021-05-01,0.04923525
MYR,2021-05-01,0.243685
NGN,2021-05-01,0.002631578947
NOK,2021-05-01,0.120314
NZD,2021-05-01,0.716827
PEN,2021-05-01,0.26413400000000004
PLN,2021-05-01,0.264406
RUB,2021-05-01,0.0132413
RWF,2021-05-01,0.000995451
SAR,2021-05-01,0.266667
SEK,2021-05-01,0.118373
SGD,2021-05-01,0.7505109999999999
sll,2021-05-01,9.76837e-05
THB,2021-05-01,0.0320638
TZS,2021-05-01,0.0004311780000000001
UGX,2021-05-01,0.00028031
USD,2021-05-01,1.0
XAF,2021-05-01,0.00183535
XOF,2021-05-01,0.00183535
ZAR,2021-05-01,0.0691744
ZMK,2021-05-01,0.0445906
ZMW,2021-05-01,0.0445906
AED,2021-05-02,0.272294
ARS,2021-05-02,0.0106849
AUD,2021-05-02,0.7724300000000001
BRL,2021-05-02,0.183925
CAD,2021-05-02,0.8129649999999999
CHF,2021-05-02,1.09546
CZK,2021-05-02,0.046616000000000005
DKK,2021-05-02,0.161901
ETB,2021-05-02,0.0237524
EUR,2021-05-02,1.2039
GBP,2021-05-02,1.3842
GHS,2021-05-02,0.172654
ILS,2021-05-02,0.30785300000000004
INR,2021-05-02,0.013491
JPY,2021-05-02,0.00911889
KES,2021-05-02,0.00927678
MAD,2021-05-02,0.111654
MUR,2021-05-02,0.0247791
MWK,2021-05-02,0.00126097
MXN,2021-05-02,0.04923525
MYR,2021-05-02,0.243685
NGN,2021-05-02,0.002631578947
NOK,2021-05-02,0.120314
NZD,2021-05-02,0.716827
PEN,2021-05-02,0.26413400000000004
PLN,2021-05-02,0.264406
RUB,2021-05-02,0.0132413
RWF,2021-05-02,0.000995451
SAR,2021-05-02,0.266667
SEK,2021-05-02,0.118373
SGD,2021-05-02,0.7505109999999999
sll,2021-05-02,9.76837e-05
THB,2021-05-02,0.0320638
TZS,2021-05-02,0.0004311780000000001
UGX,2021-05-02,0.00028031
USD,2021-05-02,1.0
XAF,2021-05-02,0.00183535
XOF,2021-05-02,0.00183535
ZAR,2021-05-02,0.0691744
ZMK,2021-05-02,0.0445906
ZMW,2021-05-02,0.0445906
AED,2021-05-03,0.272294
ARS,2021-05-03,0.0106849
AUD,2021-05-03,0.7724300000000001
BRL,2021-05-03,0.183925
CAD,2021-05-03,0.8129649999999999
CHF,2021-05-03,1.09546
CZK,2021-05-03,0.046616000000000005
DKK,2021-05-03,0.161901
ETB,2021-05-03,0.0237524
EUR,2021-05-03,1.2039
GBP,2021-05-03,1.3842
GHS,2021-05-03,0.172654
ILS,2021-05-03,0.30785300000000004
INR,2021-05-03,0.013491
JPY,2021-05-03,0.00911889
KES,2021-05-03,0.00927678
MAD,2021-05-03,0.111654
MUR,2021-05-03,0.0247791
MWK,2021-05-03,0.00126097
MXN,2021-05-03,0.04923525
MYR,2021-05-03,0.243685
NGN,2021-05-03,0.002631578947
NOK,2021-05-03,0.120314
NZD,2021-05-03,0.716827
PEN,2021-05-03,0.26413400000000004
PLN,2021-05-03,0.264406
RUB,2021-05-03,0.0132413
RWF,2021-05-03,0.000995451
SAR,2021-05-03,0.266667
SEK,2021-05-03,0.118373
SGD,2021-05-03,0.7505109999999999
sll,2021-05-03,9.76837e-05
THB,2021-05-03,0.0320638
TZS,2021-05-03,0.0004311780000000001
UGX,2021-05-03,0.00028031
USD,2021-05-03,1.0
XAF,2021-05-03,0.00183535
XOF,2021-05-03,0.00183535
ZAR,2021-05-03,0.0691744
ZMK,2021-05-03,0.0445906
ZMW,2021-05-03,0.0445906
AED,2021-05-04,0.272294
ARS,2021-05-04,0.0106744
AUD,2021-05-04,0.7725177
BRL,2021-05-04,0.183815
CAD,2021-05-04,0.8123118
CHF,2021-05-04,1.094091
CZK,2021-05-04,0.0465387
DKK,2021-05-04,0.1616433
ETB,2021-05-04,0.02352263
EUR,2021-05-04,1.2016
GBP,2021-05-04,1.3867
GHS,2021-05-04,0.172955
ILS,2021-05-04,0.30716087
INR,2021-05-04,0.0135313
JPY,2021-05-04,0.00914625
KES,2021-05-04,0.00929504
MAD,2021-05-04,0.1118793
MUR,2021-05-04,0.0247732
MWK,2021-05-04,0.00126585
MXN,2021-05-04,0.0493875
MYR,2021-05-04,0.242719
NGN,2021-05-04,0.002631578947
NOK,2021-05-04,0.120286
NZD,2021-05-04,0.7156084
PEN,2021-05-04,0.2624021
PLN,2021-05-04,0.264446
RUB,2021-05-04,0.0132947
RWF,2021-05-04,0.001000985
SAR,2021-05-04,0.266667
SEK,2021-05-04,0.1182934
SGD,2021-05-04,0.7494029999999999
sll,2021-05-04,9.7804e-05
THB,2021-05-04,0.0320741
TZS,2021-05-04,0.000431261
UGX,2021-05-04,0.000280686
USD,2021-05-04,1.0
XAF,2021-05-04,0.00183231
XOF,2021-05-04,0.00183231
ZAR,2021-05-04,0.0691339
ZMK,2021-05-04,0.0447369
ZMW,2021-05-04,0.0447369
AED,2021-05-05,0.272294
ARS,2021-05-05,0.0106704
AUD,2021-05-05,0.771772
BRL,2021-05-05,0.1836924
CAD,2021-05-05,0.8138310000000001
CHF,2021-05-05,1.09165
CZK,2021-05-05,0.046388
DKK,2021-05-05,0.16122070000000002
ETB,2021-05-05,0.0235625
EUR,2021-05-05,1.1997
GBP,2021-05-05,1.3895
GHS,2021-05-05,0.173555
ILS,2021-05-05,0.306087
INR,2021-05-05,0.01351423
JPY,2021-05-05,0.0091457
KES,2021-05-05,0.00932871
MAD,2021-05-05,0.111895
MUR,2021-05-05,0.0247158
MWK,2021-05-05,0.0012601
MXN,2021-05-05,0.0494608
MYR,2021-05-05,0.2427182
NGN,2021-05-05,0.002631578947
NOK,2021-05-05,0.120049
NZD,2021-05-05,0.7169477
PEN,2021-05-05,0.2608459
PLN,2021-05-05,0.2621912
RUB,2021-05-05,0.0133862
RWF,2021-05-05,0.00100048
SAR,2021-05-05,0.266667
SEK,2021-05-05,0.117657
SGD,2021-05-05,0.7478402
sll,2021-05-05,9.7733e-05
THB,2021-05-05,0.032124
TZS,2021-05-05,0.00043138
UGX,2021-05-05,0.00028065
USD,2021-05-05,1.0
XAF,2021-05-05,0.0018279
XOF,2021-05-05,0.0018279
ZAR,2021-05-05,0.06922400000000001
ZMK,2021-05-05,0.0447766
ZMW,2021-05-05,0.0447766
AED,2021-05-06,0.272294
ARS,2021-05-06,0.0106757
AUD,2021-05-06,0.7743501
BRL,2021-05-06,0.1867633
CAD,2021-05-06,0.816785
CHF,2021-05-06,1.09821
CZK,2021-05-06,0.0466852
DKK,2021-05-06,0.1618246
ETB,2021-05-06,0.0235166
EUR,2021-05-06,1.2024
GBP,2021-05-06,1.3902
GHS,2021-05-06,0.173324
ILS,2021-05-06,0.306668
INR,2021-05-06,0.0135431
JPY,2021-05-06,0.00914875
KES,2021-05-06,0.0093611
MAD,2021-05-06,0.1122908
MUR,2021-05-06,0.0245724
MWK,2021-05-06,0.0012634
MXN,2021-05-06,0.0494262
MYR,2021-05-06,0.242604
NGN,2021-05-06,0.002631578947
NOK,2021-05-06,0.11997089999999998
NZD,2021-05-06,0.719946
PEN,2021-05-06,0.26163600000000004
PLN,2021-05-06,0.2629021
RUB,2021-05-06,0.0134162
RWF,2021-05-06,0.00099954
SAR,2021-05-06,0.266667
SEK,2021-05-06,0.1180182
SGD,2021-05-06,0.7484529999999999
sll,2021-05-06,9.7952e-05
THB,2021-05-06,0.032027999999999994
TZS,2021-05-06,0.00043124
UGX,2021-05-06,0.00028114
USD,2021-05-06,1.0
XAF,2021-05-06,0.00183457
XOF,2021-05-06,0.00183457
ZAR,2021-05-06,0.069852
ZMK,2021-05-06,0.0447215
ZMW,2021-05-06,0.0447215
AED,2021-05-07,0.272294
ARS,2021-05-07,0.0106613
AUD,2021-05-07,0.7770497
BRL,2021-05-07,0.18951
CAD,2021-05-07,0.8206049000000001
CHF,2021-05-07,1.1015069
CZK,2021-05-07,0.0469436
DKK,2021-05-07,0.162406
ETB,2021-05-07,0.0237535
EUR,2021-05-07,1.2077
GBP,2021-05-07,1.392
GHS,2021-05-07,0.1732234
ILS,2021-05-07,0.3065764
INR,2021-05-07,0.013589600000000002
JPY,2021-05-07,0.0091628
KES,2021-05-07,0.0093658
MAD,2021-05-07,0.1126794
MUR,2021-05-07,0.024629400000000003
MWK,2021-05-07,0.0012621
MXN,2021-05-07,0.04976163
MYR,2021-05-07,0.242974
NGN,2021-05-07,0.002631578947
NOK,2021-05-07,0.12058599999999997
NZD,2021-05-07,0.722996
PEN,2021-05-07,0.2618919
PLN,2021-05-07,0.264049
RUB,2021-05-07,0.013496200000000002
RWF,2021-05-07,0.00101527
SAR,2021-05-07,0.266667
SEK,2021-05-07,0.1190257
SGD,2021-05-07,0.7508815
sll,2021-05-07,9.7867e-05
THB,2021-05-07,0.0320527
TZS,2021-05-07,0.000431207
UGX,2021-05-07,0.00028125
USD,2021-05-07,1.0
XAF,2021-05-07,0.00184261
XOF,2021-05-07,0.00184261
ZAR,2021-05-07,0.0701968
ZMK,2021-05-07,0.044726
ZMW,2021-05-07,0.044726
AED,2021-05-08,0.272294
ARS,2021-05-08,0.0106613
AUD,2021-05-08,0.7770497
BRL,2021-05-08,0.18951
CAD,2021-05-08,0.8206049000000001
CHF,2021-05-08,1.1015069
CZK,2021-05-08,0.0469436
DKK,2021-05-08,0.162406
ETB,2021-05-08,0.0237535
EUR,2021-05-08,1.2077
GBP,2021-05-08,1.392
GHS,2021-05-08,0.1732234
ILS,2021-05-08,0.3065764
INR,2021-05-08,0.013589600000000002
JPY,2021-05-08,0.0091628
KES,2021-05-08,0.0093658
MAD,2021-05-08,0.1126794
MUR,2021-05-08,0.024629400000000003
MWK,2021-05-08,0.0012621
MXN,2021-05-08,0.04976163
MYR,2021-05-08,0.242974
NGN,2021-05-08,0.002631578947
NOK,2021-05-08,0.12058599999999997
NZD,2021-05-08,0.722996
PEN,2021-05-08,0.2618919
PLN,2021-05-08,0.264049
RUB,2021-05-08,0.013496200000000002
RWF,2021-05-08,0.00101527
SAR,2021-05-08,0.266667
SEK,2021-05-08,0.1190257
SGD,2021-05-08,0.7508815
sll,2021-05-08,9.7867e-05
THB,2021-05-08,0.0320527
TZS,2021-05-08,0.000431207
UGX,2021-05-08,0.00028125
USD,2021-05-08,1.0
XAF,2021-05-08,0.00184261
XOF,2021-05-08,0.00184261
ZAR,2021-05-08,0.0701968
ZMK,2021-05-08,0.044726
ZMW,2021-05-08,0.044726
AED,2021-05-09,0.272294
ARS,2021-05-09,0.0106613
AUD,2021-05-09,0.7770497
BRL,2021-05-09,0.18951
CAD,2021-05-09,0.8206049000000001
CHF,2021-05-09,1.1015069
CZK,2021-05-09,0.0469436
DKK,2021-05-09,0.162406
ETB,2021-05-09,0.0237535
EUR,2021-05-09,1.2077
GBP,2021-05-09,1.392
GHS,2021-05-09,0.1732234
ILS,2021-05-09,0.3065764
INR,2021-05-09,0.013589600000000002
JPY,2021-05-09,0.0091628
KES,2021-05-09,0.0093658
MAD,2021-05-09,0.1126794
MUR,2021-05-09,0.024629400000000003
MWK,2021-05-09,0.0012621
MXN,2021-05-09,0.04976163
MYR,2021-05-09,0.242974
NGN,2021-05-09,0.002631578947
NOK,2021-05-09,0.12058599999999997
NZD,2021-05-09,0.722996
PEN,2021-05-09,0.2618919
PLN,2021-05-09,0.264049
RUB,2021-05-09,0.013496200000000002
RWF,2021-05-09,0.00101527
SAR,2021-05-09,0.266667
SEK,2021-05-09,0.1190257
SGD,2021-05-09,0.7508815
sll,2021-05-09,9.7867e-05
THB,2021-05-09,0.0320527
TZS,2021-05-09,0.000431207
UGX,2021-05-09,0.00028125
USD,2021-05-09,1.0
XAF,2021-05-09,0.00184261
XOF,2021-05-09,0.00184261
ZAR,2021-05-09,0.0701968
ZMK,2021-05-09,0.044726
ZMW,2021-05-09,0.044726
AED,2021-05-10,0.272294
ARS,2021-05-10,0.0106735
AUD,2021-05-10,0.7853140000000001
BRL,2021-05-10,0.1910788
CAD,2021-05-10,0.825485
CHF,2021-05-10,1.109477
CZK,2021-05-10,0.0473814
DKK,2021-05-10,0.163323
ETB,2021-05-10,0.0238804
EUR,2021-05-10,1.2077
GBP,2021-05-10,1.392
GHS,2021-05-10,0.173734
ILS,2021-05-10,0.307827
INR,2021-05-10,0.0136215
JPY,2021-05-10,0.00918008
KES,2021-05-10,0.0094054
MAD,2021-05-10,0.0094054
MUR,2021-05-10,0.0246267
MWK,2021-05-10,0.00126264
MXN,2021-05-10,0.050231
MYR,2021-05-10,0.243393
NGN,2021-05-10,0.002631578947
NOK,2021-05-10,0.1218853
NZD,2021-05-10,0.727956
PEN,2021-05-10,0.2624014
PLN,2021-05-10,0.26665500000000003
RUB,2021-05-10,0.013574
RWF,2021-05-10,0.00100676
SAR,2021-05-10,0.266667
SEK,2021-05-10,0.120058
SGD,2021-05-10,0.7537606
sll,2021-05-10,9.7549e-05
THB,2021-05-10,0.0320996
TZS,2021-05-10,0.0004312230000000001
UGX,2021-05-10,0.000281347
USD,2021-05-10,1.0
XAF,2021-05-10,0.00185165
XOF,2021-05-10,0.00185165
ZAR,2021-05-10,0.07141549999999999
ZMK,2021-05-10,0.0450294
ZMW,2021-05-10,0.0450294
AED,2021-05-11,0.272294
ARS,2021-05-11,0.0106536
AUD,2021-05-11,0.780895
BRL,2021-05-11,0.19148
CAD,2021-05-11,0.8271569999999999
CHF,2021-05-11,1.1055615
CZK,2021-05-11,0.0475025
DKK,2021-05-11,0.163267
ETB,2021-05-11,0.023438
EUR,2021-05-11,1.2077
GBP,2021-05-11,1.392
GHS,2021-05-11,0.17338399999999998
ILS,2021-05-11,0.3042758
INR,2021-05-11,0.0136215
JPY,2021-05-11,0.009190899999999998
KES,2021-05-11,0.0093519
MAD,2021-05-11,0.1129751
MUR,2021-05-11,0.0244729
MWK,2021-05-11,0.0012626
MXN,2021-05-11,0.050052
MYR,2021-05-11,0.242378
NGN,2021-05-11,0.002631578947
NOK,2021-05-11,0.120968
NZD,2021-05-11,0.722835
PEN,2021-05-11,0.269571
PLN,2021-05-11,0.267149
RUB,2021-05-11,0.013505
RWF,2021-05-11,0.00100676
SAR,2021-05-11,0.266667
SEK,2021-05-11,0.120145
SGD,2021-05-11,0.752836
sll,2021-05-11,9.79002e-05
THB,2021-05-11,0.0320642
TZS,2021-05-11,0.000431197
UGX,2021-05-11,0.00028127
USD,2021-05-11,1.0
XAF,2021-05-11,0.0018488
XOF,2021-05-11,0.0018488
ZAR,2021-05-11,0.07141660000000001
ZMK,2021-05-11,0.044555
ZMW,2021-05-11,0.044555
AED,2021-05-12,0.272294
ARS,2021-05-12,0.0106536
AUD,2021-05-12,0.780895
BRL,2021-05-12,0.19148
CAD,2021-05-12,0.8271569999999999
CHF,2021-05-12,1.1055615
CZK,2021-05-12,0.0475025
DKK,2021-05-12,0.163267
ETB,2021-05-12,0.023438
EUR,2021-05-12,1.2077
GBP,2021-05-12,1.392
GHS,2021-05-12,0.17338399999999998
ILS,2021-05-12,0.3042758
INR,2021-05-12,0.0136215
JPY,2021-05-12,0.009190899999999998
KES,2021-05-12,0.0093519
MAD,2021-05-12,0.1129751
MUR,2021-05-12,0.0244729
MWK,2021-05-12,0.0012626
MXN,2021-05-12,0.050052
MYR,2021-05-12,0.242378
NGN,2021-05-12,0.002631578947
NOK,2021-05-12,0.120968
NZD,2021-05-12,0.722835
PEN,2021-05-12,0.269571
PLN,2021-05-12,0.267149
RUB,2021-05-12,0.013505
RWF,2021-05-12,0.00100676
SAR,2021-05-12,0.266667
SEK,2021-05-12,0.120145
SGD,2021-05-12,0.752836
sll,2021-05-12,9.79002e-05
THB,2021-05-12,0.0320642
TZS,2021-05-12,0.000431197
UGX,2021-05-12,0.00028127
USD,2021-05-12,1.0
XAF,2021-05-12,0.0018488
XOF,2021-05-12,0.0018488
ZAR,2021-05-12,0.07141660000000001
ZMK,2021-05-12,0.044555
ZMW,2021-05-12,0.044555
AED,2021-05-13,0.272294
ARS,2021-05-13,0.0106536
AUD,2021-05-13,0.780895
BRL,2021-05-13,0.19148
CAD,2021-05-13,0.8271569999999999
CHF,2021-05-13,1.1055615
CZK,2021-05-13,0.0475025
DKK,2021-05-13,0.163267
ETB,2021-05-13,0.023438
EUR,2021-05-13,1.2077
GBP,2021-05-13,1.392
GHS,2021-05-13,0.17338399999999998
ILS,2021-05-13,0.3042758
INR,2021-05-13,0.0136215
JPY,2021-05-13,0.009190899999999998
KES,2021-05-13,0.0093519
MAD,2021-05-13,0.1129751
MUR,2021-05-13,0.0244729
MWK,2021-05-13,0.0012626
MXN,2021-05-13,0.050052
MYR,2021-05-13,0.242378
NGN,2021-05-13,0.002631578947
NOK,2021-05-13,0.120968
NZD,2021-05-13,0.722835
PEN,2021-05-13,0.269571
PLN,2021-05-13,0.267149
RUB,2021-05-13,0.013505
RWF,2021-05-13,0.00100676
SAR,2021-05-13,0.266667
SEK,2021-05-13,0.120145
SGD,2021-05-13,0.752836
sll,2021-05-13,9.79002e-05
THB,2021-05-13,0.0320642
TZS,2021-05-13,0.000431197
UGX,2021-05-13,0.00028127
USD,2021-05-13,1.0
XAF,2021-05-13,0.0018488
XOF,2021-05-13,0.0018488
ZAR,2021-05-13,0.07141660000000001
ZMK,2021-05-13,0.044555
ZMW,2021-05-13,0.044555
AED,2021-05-14,0.272294
ARS,2021-05-14,0.010637
AUD,2021-05-14,0.7739010000000001
BRL,2021-05-14,0.188354
CAD,2021-05-14,0.8232209999999999
CHF,2021-05-14,1.108236
CZK,2021-05-14,0.047543
DKK,2021-05-14,0.1630116
ETB,2021-05-14,0.023516
EUR,2021-05-14,1.2105
GBP,2021-05-14,1.40619
GHS,2021-05-14,0.173432
ILS,2021-05-14,0.304404
INR,2021-05-14,0.01365
JPY,2021-05-14,0.0091492
KES,2021-05-14,0.0093369
MAD,2021-05-14,0.112858
MUR,2021-05-14,0.024527
MWK,2021-05-14,0.0012610999999999998
MXN,2021-05-14,0.050276
MYR,2021-05-14,0.242393
NGN,2021-05-14,0.002631578947
NOK,2021-05-14,0.120102
NZD,2021-05-14,0.7197594
PEN,2021-05-14,0.27284200000000003
PLN,2021-05-14,0.267579
RUB,2021-05-14,0.01351
RWF,2021-05-14,0.0009986
SAR,2021-05-14,0.266667
SEK,2021-05-14,0.119435
SGD,2021-05-14,0.749529
sll,2021-05-14,9.7686e-05
THB,2021-05-14,0.031896299999999995
TZS,2021-05-14,0.00043135
UGX,2021-05-14,0.00028267
USD,2021-05-14,1.0
XAF,2021-05-14,0.00184832
XOF,2021-05-14,0.00184832
ZAR,2021-05-14,0.07069639999999999
ZMK,2021-05-14,0.044676
ZMW,2021-05-14,0.044676
AED,2021-05-15,0.272294
ARS,2021-05-15,0.010637
AUD,2021-05-15,0.7739010000000001
BRL,2021-05-15,0.188354
CAD,2021-05-15,0.8232209999999999
CHF,2021-05-15,1.108236
CZK,2021-05-15,0.047543
DKK,2021-05-15,0.1630116
ETB,2021-05-15,0.023516
EUR,2021-05-15,1.2105
GBP,2021-05-15,1.40619
GHS,2021-05-15,0.173432
ILS,2021-05-15,0.304404
INR,2021-05-15,0.01365
JPY,2021-05-15,0.0091492
KES,2021-05-15,0.0093369
MAD,2021-05-15,0.112858
MUR,2021-05-15,0.024527
MWK,2021-05-15,0.0012610999999999998
MXN,2021-05-15,0.050276
MYR,2021-05-15,0.242393
NGN,2021-05-15,0.002631578947
NOK,2021-05-15,0.120102
NZD,2021-05-15,0.7197594
PEN,2021-05-15,0.27284200000000003
PLN,2021-05-15,0.267579
RUB,2021-05-15,0.01351
RWF,2021-05-15,0.0009986
SAR,2021-05-15,0.266667
SEK,2021-05-15,0.119435
SGD,2021-05-15,0.749529
sll,2021-05-15,9.7686e-05
THB,2021-05-15,0.031896299999999995
TZS,2021-05-15,0.00043135
UGX,2021-05-15,0.00028267
USD,2021-05-15,1.0
XAF,2021-05-15,0.00184832
XOF,2021-05-15,0.00184832
ZAR,2021-05-15,0.07069639999999999
ZMK,2021-05-15,0.044676
ZMW,2021-05-15,0.044676
AED,2021-05-16,0.272294
ARS,2021-05-16,0.010637
AUD,2021-05-16,0.7739010000000001
BRL,2021-05-16,0.188354
CAD,2021-05-16,0.8232209999999999
CHF,2021-05-16,1.108236
CZK,2021-05-16,0.047543
DKK,2021-05-16,0.1630116
ETB,2021-05-16,0.023516
EUR,2021-05-16,1.2105
GBP,2021-05-16,1.40619
GHS,2021-05-16,0.173432
ILS,2021-05-16,0.304404
INR,2021-05-16,0.01365
JPY,2021-05-16,0.0091492
KES,2021-05-16,0.0093369
MAD,2021-05-16,0.112858
MUR,2021-05-16,0.024527
MWK,2021-05-16,0.0012610999999999998
MXN,2021-05-16,0.050276
MYR,2021-05-16,0.242393
NGN,2021-05-16,0.002631578947
NOK,2021-05-16,0.120102
NZD,2021-05-16,0.7197594
PEN,2021-05-16,0.27284200000000003
PLN,2021-05-16,0.267579
RUB,2021-05-16,0.01351
RWF,2021-05-16,0.0009986
SAR,2021-05-16,0.266667
SEK,2021-05-16,0.119435
SGD,2021-05-16,0.749529
sll,2021-05-16,9.7686e-05
THB,2021-05-16,0.031896299999999995
TZS,2021-05-16,0.00043135
UGX,2021-05-16,0.00028267
USD,2021-05-16,1.0
XAF,2021-05-16,0.00184832
XOF,2021-05-16,0.00184832
ZAR,2021-05-16,0.07069639999999999
ZMK,2021-05-16,0.044676
ZMW,2021-05-16,0.044676
AED,2021-05-17,0.272294
ARS,2021-05-17,0.0106413
AUD,2021-05-17,0.775551
BRL,2021-05-17,0.1896328
CAD,2021-05-17,0.825463
CHF,2021-05-17,1.108263
CZK,2021-05-17,0.0476895
DKK,2021-05-17,0.16324260000000002
ETB,2021-05-17,0.0234416
EUR,2021-05-17,1.2136
GBP,2021-05-17,1.4094
GHS,2021-05-17,0.173716
ILS,2021-05-17,0.305589
INR,2021-05-17,0.0136632
JPY,2021-05-17,0.00915333
KES,2021-05-17,0.00932761
MAD,2021-05-17,0.1130308
MUR,2021-05-17,0.0246419
MWK,2021-05-17,0.0012625
MXN,2021-05-17,0.0502355
MYR,2021-05-17,0.242075
NGN,2021-05-17,0.002631578947
NOK,2021-05-17,0.1211001
NZD,2021-05-17,0.721279
PEN,2021-05-17,0.271806
PLN,2021-05-17,0.26837300000000003
RUB,2021-05-17,0.0135352
RWF,2021-05-17,0.001000434
SAR,2021-05-17,0.266667
SEK,2021-05-17,0.11973989999999997
SGD,2021-05-17,0.748785
sll,2021-05-17,9.7649e-05
THB,2021-05-17,0.0318007
TZS,2021-05-17,0.000431242
UGX,2021-05-17,0.000283094
USD,2021-05-17,1.0
XAF,2021-05-17,0.00185009
XOF,2021-05-17,0.00185009
ZAR,2021-05-17,0.0705909
ZMK,2021-05-17,0.0445722
ZMW,2021-05-17,0.0445722
AED,2021-05-18,0.272294
ARS,2021-05-18,0.010631299999999998
AUD,2021-05-18,0.779702
BRL,2021-05-18,0.189639
CAD,2021-05-18,0.83096
CHF,2021-05-18,1.113505
CZK,2021-05-18,0.0479457
DKK,2021-05-18,0.16409200000000002
ETB,2021-05-18,0.023571
EUR,2021-05-18,1.2203
GBP,2021-05-18,1.4202
GHS,2021-05-18,0.17363599999999998
ILS,2021-05-18,0.306229
INR,2021-05-18,0.0136988
JPY,2021-05-18,0.0091829
KES,2021-05-18,0.0091829
MAD,2021-05-18,0.113315
MUR,2021-05-18,0.0248086
MWK,2021-05-18,0.0012595
MXN,2021-05-18,0.0506492
MYR,2021-05-18,0.2424006
NGN,2021-05-18,0.002631578947
NOK,2021-05-18,0.1214818
NZD,2021-05-18,0.724905
PEN,2021-05-18,0.269016
PLN,2021-05-18,0.26954570000000005
RUB,2021-05-18,0.0135726
RWF,2021-05-18,0.0010132
SAR,2021-05-18,0.266667
SEK,2021-05-18,0.120437
SGD,2021-05-18,0.752274
sll,2021-05-18,9.781e-05
THB,2021-05-18,0.0318079
TZS,2021-05-18,0.00043119
UGX,2021-05-18,0.0002829
USD,2021-05-18,1.0
XAF,2021-05-18,0.00186083
XOF,2021-05-18,0.00186083
ZAR,2021-05-18,0.071325
ZMK,2021-05-18,0.044528
ZMW,2021-05-18,0.044528
AED,2021-05-19,0.272294
ARS,2021-05-19,0.01063
AUD,2021-05-19,0.775672
BRL,2021-05-19,0.1900776
CAD,2021-05-19,0.8273521
CHF,2021-05-19,1.110723
CZK,2021-05-19,0.0479914
DKK,2021-05-19,0.1643705
ETB,2021-05-19,0.0234742
EUR,2021-05-19,1.2203
GBP,2021-05-19,1.4202
GHS,2021-05-19,0.173556
ILS,2021-05-19,0.3063592
INR,2021-05-19,0.01367105
JPY,2021-05-19,0.0091681
KES,2021-05-19,0.00928535
MAD,2021-05-19,0.11353010000000002
MUR,2021-05-19,0.0248295
MWK,2021-05-19,0.00125884
MXN,2021-05-19,0.0502109
MYR,2021-05-19,0.2420549
NGN,2021-05-19,0.002631578947
NOK,2021-05-19,0.121268
NZD,2021-05-19,0.7203366999999999
PEN,2021-05-19,0.267092
PLN,2021-05-19,0.269805
RUB,2021-05-19,0.01355004
RWF,2021-05-19,0.00101284
SAR,2021-05-19,0.266667
SEK,2021-05-19,0.12046760000000002
SGD,2021-05-19,0.7510625
sll,2021-05-19,9.7759e-05
THB,2021-05-19,0.0318071
TZS,2021-05-19,0.00043124
UGX,2021-05-19,0.00028111
USD,2021-05-19,1.0
XAF,2021-05-19,0.0018624
XOF,2021-05-19,0.0018624
ZAR,2021-05-19,0.0712508
ZMK,2021-05-19,0.0445255
ZMW,2021-05-19,0.0445255
AED,2021-05-20,0.272294
ARS,2021-05-20,0.0106164
AUD,2021-05-20,0.776249
BRL,2021-05-20,0.188348
CAD,2021-05-20,0.826089
CHF,2021-05-20,1.110632
CZK,2021-05-20,0.047897900000000014
DKK,2021-05-20,0.1641124
ETB,2021-05-20,0.0234628
EUR,2021-05-20,1.2204
GBP,2021-05-20,1.4138
GHS,2021-05-20,0.173498
ILS,2021-05-20,0.306595
INR,2021-05-20,0.013677000000000002
JPY,2021-05-20,0.009179
KES,2021-05-20,0.00925036
MAD,2021-05-20,0.1133713
MUR,2021-05-20,0.0245673
MWK,2021-05-20,0.0012586
MXN,2021-05-20,0.050344
MYR,2021-05-20,0.241402
NGN,2021-05-20,0.002631578947
NOK,2021-05-20,0.120516
NZD,2021-05-20,0.719511
PEN,2021-05-20,0.267061
PLN,2021-05-20,0.270412
RUB,2021-05-20,0.0135796
RWF,2021-05-20,0.00100864
SAR,2021-05-20,0.266667
SEK,2021-05-20,0.120058
SGD,2021-05-20,0.7504810000000001
sll,2021-05-20,9.7736e-05
THB,2021-05-20,0.031868
TZS,2021-05-20,0.00043124
UGX,2021-05-20,0.00028059
USD,2021-05-20,1.0
XAF,2021-05-20,0.00185964
XOF,2021-05-20,0.00185964
ZAR,2021-05-20,0.071048
ZMK,2021-05-20,0.044473
ZMW,2021-05-20,0.044473
AED,2021-05-21,0.272294
ARS,2021-05-21,0.0106098
AUD,2021-05-21,0.774303
BRL,2021-05-21,0.189302
CAD,2021-05-21,0.8272510000000001
CHF,2021-05-21,1.114603
CZK,2021-05-21,0.047938
DKK,2021-05-21,0.164295
ETB,2021-05-21,0.023364
EUR,2021-05-21,1.2216
GBP,2021-05-21,1.4176
GHS,2021-05-21,0.173233
ILS,2021-05-21,0.30714600000000003
INR,2021-05-21,0.013691
JPY,2021-05-21,0.00920448
KES,2021-05-21,0.009238799999999998
MAD,2021-05-21,0.113494
MUR,2021-05-21,0.0246716
MWK,2021-05-21,0.00125907
MXN,2021-05-21,0.050255
MYR,2021-05-21,0.241358
NGN,2021-05-21,0.002631578947
NOK,2021-05-21,0.120044
NZD,2021-05-21,0.718184
PEN,2021-05-21,0.267067
PLN,2021-05-21,0.2715174
RUB,2021-05-21,0.0135823
RWF,2021-05-21,0.00100778
SAR,2021-05-21,0.266667
SEK,2021-05-21,0.120533
SGD,2021-05-21,0.750749
sll,2021-05-21,9.7669e-05
THB,2021-05-21,0.031854
TZS,2021-05-21,0.000431311
UGX,2021-05-21,0.000279434
USD,2021-05-21,1.0
XAF,2021-05-21,0.001863
XOF,2021-05-21,0.001863
ZAR,2021-05-21,0.071502
ZMK,2021-05-21,0.044523
ZMW,2021-05-21,0.044523
AED,2021-05-22,0.272294
ARS,2021-05-22,0.0106098
AUD,2021-05-22,0.774303
BRL,2021-05-22,0.189302
CAD,2021-05-22,0.8272510000000001
CHF,2021-05-22,1.114603
CZK,2021-05-22,0.047938
DKK,2021-05-22,0.164295
ETB,2021-05-22,0.023364
EUR,2021-05-22,1.2216
GBP,2021-05-22,1.4176
GHS,2021-05-22,0.173233
ILS,2021-05-22,0.30714600000000003
INR,2021-05-22,0.013691
JPY,2021-05-22,0.00920448
KES,2021-05-22,0.009238799999999998
MAD,2021-05-22,0.113494
MUR,2021-05-22,0.0246716
MWK,2021-05-22,0.00125907
MXN,2021-05-22,0.050255
MYR,2021-05-22,0.241358
NGN,2021-05-22,0.002631578947
NOK,2021-05-22,0.120044
NZD,2021-05-22,0.718184
PEN,2021-05-22,0.267067
PLN,2021-05-22,0.2715174
RUB,2021-05-22,0.0135823
RWF,2021-05-22,0.00100778
SAR,2021-05-22,0.266667
SEK,2021-05-22,0.120533
SGD,2021-05-22,0.750749
sll,2021-05-22,9.7669e-05
THB,2021-05-22,0.031854
TZS,2021-05-22,0.000431311
UGX,2021-05-22,0.000279434
USD,2021-05-22,1.0
XAF,2021-05-22,0.001863
XOF,2021-05-22,0.001863
ZAR,2021-05-22,0.071502
ZMK,2021-05-22,0.044523
ZMW,2021-05-22,0.044523
AED,2021-05-23,0.272294
ARS,2021-05-23,0.0106098
AUD,2021-05-23,0.774303
BRL,2021-05-23,0.189302
CAD,2021-05-23,0.8272510000000001
CHF,2021-05-23,1.114603
CZK,2021-05-23,0.047938
DKK,2021-05-23,0.164295
ETB,2021-05-23,0.023364
EUR,2021-05-23,1.2216
GBP,2021-05-23,1.4176
GHS,2021-05-23,0.173233
ILS,2021-05-23,0.30714600000000003
INR,2021-05-23,0.013691
JPY,2021-05-23,0.00920448
KES,2021-05-23,0.009238799999999998
MAD,2021-05-23,0.113494
MUR,2021-05-23,0.0246716
MWK,2021-05-23,0.00125907
MXN,2021-05-23,0.050255
MYR,2021-05-23,0.241358
NGN,2021-05-23,0.002631578947
NOK,2021-05-23,0.120044
NZD,2021-05-23,0.718184
PEN,2021-05-23,0.267067
PLN,2021-05-23,0.2715174
RUB,2021-05-23,0.0135823
RWF,2021-05-23,0.00100778
SAR,2021-05-23,0.266667
SEK,2021-05-23,0.120533
SGD,2021-05-23,0.750749
sll,2021-05-23,9.7669e-05
THB,2021-05-23,0.031854
TZS,2021-05-23,0.000431311
UGX,2021-05-23,0.000279434
USD,2021-05-23,1.0
XAF,2021-05-23,0.001863
XOF,2021-05-23,0.001863
ZAR,2021-05-23,0.071502
ZMK,2021-05-23,0.044523
ZMW,2021-05-23,0.044523
AED,2021-05-24,0.272294
ARS,2021-05-24,0.0106155
AUD,2021-05-24,0.773522
BRL,2021-05-24,0.186472
CAD,2021-05-24,0.82895
CHF,2021-05-24,1.113608
CZK,2021-05-24,0.048021
DKK,2021-05-24,0.16406400000000002
ETB,2021-05-24,0.023244
EUR,2021-05-24,1.2197
GBP,2021-05-24,1.4168
GHS,2021-05-24,0.172929
ILS,2021-05-24,0.30712399999999995
INR,2021-05-24,0.013724
JPY,2021-05-24,0.009195299999999998
KES,2021-05-24,0.0092428
MAD,2021-05-24,0.1134255
MUR,2021-05-24,0.0247084
MWK,2021-05-24,0.00126324
MXN,2021-05-24,0.0501564
MYR,2021-05-24,0.241555
NGN,2021-05-24,0.002631578947
NOK,2021-05-24,0.1199567
NZD,2021-05-24,0.7183133
PEN,2021-05-24,0.266631
PLN,2021-05-24,0.271944
RUB,2021-05-24,0.0136032
RWF,2021-05-24,0.00099558
SAR,2021-05-24,0.266667
SEK,2021-05-24,0.120251
SGD,2021-05-24,0.7519204
sll,2021-05-24,9.75531e-05
THB,2021-05-24,0.0319099
TZS,2021-05-24,0.0004312
UGX,2021-05-24,0.00028082
USD,2021-05-24,1.0
XAF,2021-05-24,0.0018605
XOF,2021-05-24,0.0018605
ZAR,2021-05-24,0.07152689999999999
ZMK,2021-05-24,0.044355
ZMW,2021-05-24,0.044355
AED,2021-05-25,0.272294
ARS,2021-05-25,0.010616
AUD,2021-05-25,0.7758149999999999
BRL,2021-05-25,0.1879703
CAD,2021-05-25,0.8300299999999999
CHF,2021-05-25,1.11755
CZK,2021-05-25,0.0482002
DKK,2021-05-25,0.164724
ETB,2021-05-25,0.023338
EUR,2021-05-25,1.2258
GBP,2021-05-25,1.4187
GHS,2021-05-25,0.173174
ILS,2021-05-25,0.30840100000000004
INR,2021-05-25,0.0137292
JPY,2021-05-25,0.00919163
KES,2021-05-25,0.0092672
MAD,2021-05-25,0.11366
MUR,2021-05-25,0.0247788
MWK,2021-05-25,0.0012636
MXN,2021-05-25,0.050349
MYR,2021-05-25,0.241259
NGN,2021-05-25,0.002631578947
NOK,2021-05-25,0.12038726
NZD,2021-05-25,0.721997
PEN,2021-05-25,0.26247600000000004
PLN,2021-05-25,0.273273
RUB,2021-05-25,0.013616
RWF,2021-05-25,0.00099967
SAR,2021-05-25,0.266667
SEK,2021-05-25,0.121075
SGD,2021-05-25,0.753544
sll,2021-05-25,9.7082e-05
THB,2021-05-25,0.031889
TZS,2021-05-25,0.000431377
UGX,2021-05-25,0.00028139
USD,2021-05-25,1.0
XAF,2021-05-25,0.00186722
XOF,2021-05-25,0.00186722
ZAR,2021-05-25,0.07206599999999999
ZMK,2021-05-25,0.044507
ZMW,2021-05-25,0.044507
AED,2021-05-26,0.272294
ARS,2021-05-26,0.0106139
AUD,2021-05-26,0.777913
BRL,2021-05-26,0.187578
CAD,2021-05-26,0.8281799999999999
CHF,2021-05-26,1.11741
CZK,2021-05-26,0.0480758
DKK,2021-05-26,0.164664
ETB,2021-05-26,0.023276
EUR,2021-05-26,1.2244
GBP,2021-05-26,1.4143
GHS,2021-05-26,0.172663
ILS,2021-05-26,0.3080038
INR,2021-05-26,0.0137558
JPY,2021-05-26,0.009187
KES,2021-05-26,0.0092871
MAD,2021-05-26,0.113305
MUR,2021-05-26,0.0247728
MWK,2021-05-26,0.001266
MXN,2021-05-26,0.05035005
MYR,2021-05-26,0.24142800000000006
NGN,2021-05-26,0.002631578947
NOK,2021-05-26,0.1202249
NZD,2021-05-26,0.7307807
PEN,2021-05-26,0.261541
PLN,2021-05-26,0.2728598
RUB,2021-05-26,0.0136146
RWF,2021-05-26,0.00100832
SAR,2021-05-26,0.266667
SEK,2021-05-26,0.1206662
SGD,2021-05-26,0.755783
sll,2021-05-26,9.7826e-05
THB,2021-05-26,0.0320031
TZS,2021-05-26,0.00043118
UGX,2021-05-26,0.00028165
USD,2021-05-26,1.0
XAF,2021-05-26,0.00186675
XOF,2021-05-26,0.00186675
ZAR,2021-05-26,0.0722807
ZMK,2021-05-26,0.0444346
ZMW,2021-05-26,0.0444346
AED,2021-05-27,0.272294
ARS,2021-05-27,0.010584
AUD,2021-05-27,0.775057
BRL,2021-05-27,0.188246
CAD,2021-05-27,0.8258167
CHF,2021-05-27,1.115174
CZK,2021-05-27,0.047968300000000005
DKK,2021-05-27,0.047968300000000005
ETB,2021-05-27,0.0234195
EUR,2021-05-27,1.2205
GBP,2021-05-27,1.4122
GHS,2021-05-27,0.17263699999999998
ILS,2021-05-27,0.307874
INR,2021-05-27,0.0137662
JPY,2021-05-27,0.0091684
KES,2021-05-27,0.0092977
MAD,2021-05-27,0.113266
MUR,2021-05-27,0.024697
MWK,2021-05-27,0.001268
MXN,2021-05-27,0.0504305
MYR,2021-05-27,0.241584
NGN,2021-05-27,0.002631578947
NOK,2021-05-27,0.1198008
NZD,2021-05-27,0.730418
PEN,2021-05-27,0.260826
PLN,2021-05-27,0.2716122
RUB,2021-05-27,0.0136215
RWF,2021-05-27,0.0010135
SAR,2021-05-27,0.266667
SEK,2021-05-27,0.1205496
SGD,2021-05-27,0.7559060000000001
sll,2021-05-27,9.7699e-05
THB,2021-05-27,0.0320154
TZS,2021-05-27,0.00043119
UGX,2021-05-27,0.000281966
USD,2021-05-27,1.0
XAF,2021-05-27,0.0018614
XOF,2021-05-27,0.0018614
ZAR,2021-05-27,0.073049
ZMK,2021-05-27,0.0442767
ZMW,2021-05-27,0.0442767
AED,2021-05-28,0.272294
ARS,2021-05-28,0.0105876
AUD,2021-05-28,0.773292
BRL,2021-05-28,0.1907927
CAD,2021-05-28,0.828465
CHF,2021-05-28,1.1140508999999998
CZK,2021-05-28,0.047942800000000015
DKK,2021-05-28,0.1640372
ETB,2021-05-28,0.022946900000000003
EUR,2021-05-28,1.2187
GBP,2021-05-28,1.4188
GHS,2021-05-28,0.172475
ILS,2021-05-28,0.307412
INR,2021-05-28,0.013803200000000002
JPY,2021-05-28,0.00910289
KES,2021-05-28,0.0092976
MAD,2021-05-28,0.1130938
MUR,2021-05-28,0.0245539
MWK,2021-05-28,0.0012678
MXN,2021-05-28,0.04998938
MYR,2021-05-28,0.2418091
NGN,2021-05-28,0.002631578947
NOK,2021-05-28,0.119958
NZD,2021-05-28,0.7257359999999999
PEN,2021-05-28,0.259878
PLN,2021-05-28,0.27178909999999995
RUB,2021-05-28,0.0135969
RWF,2021-05-28,0.00100776
SAR,2021-05-28,0.266667
SEK,2021-05-28,0.1206842
SGD,2021-05-28,0.755735
sll,2021-05-28,9.7632e-05
THB,2021-05-28,0.0319928
TZS,2021-05-28,0.000431187
UGX,2021-05-28,0.00028194
USD,2021-05-28,1.0
XAF,2021-05-28,0.0018593
XOF,2021-05-28,0.0018593
ZAR,2021-05-28,0.07233389999999999
ZMK,2021-05-28,0.0443931
ZMW,2021-05-28,0.0443931
AED,2021-05-29,0.272294
ARS,2021-05-29,0.0105876
AUD,2021-05-29,0.773292
BRL,2021-05-29,0.1907927
CAD,2021-05-29,0.828465
CHF,2021-05-29,1.1140508999999998
CZK,2021-05-29,0.047942800000000015
DKK,2021-05-29,0.1640372
ETB,2021-05-29,0.022946900000000003
EUR,2021-05-29,1.2187
GBP,2021-05-29,1.4188
GHS,2021-05-29,0.172475
ILS,2021-05-29,0.307412
INR,2021-05-29,0.013803200000000002
JPY,2021-05-29,0.00910289
KES,2021-05-29,0.0092976
MAD,2021-05-29,0.1130938
MUR,2021-05-29,0.0245539
MWK,2021-05-29,0.0012678
MXN,2021-05-29,0.04998938
MYR,2021-05-29,0.2418091
NGN,2021-05-29,0.002631578947
NOK,2021-05-29,0.119958
NZD,2021-05-29,0.7257359999999999
PEN,2021-05-29,0.259878
PLN,2021-05-29,0.27178909999999995
RUB,2021-05-29,0.0135969
RWF,2021-05-29,0.00100776
SAR,2021-05-29,0.266667
SEK,2021-05-29,0.1206842
SGD,2021-05-29,0.755735
sll,2021-05-29,9.7632e-05
THB,2021-05-29,0.0319928
TZS,2021-05-29,0.000431187
UGX,2021-05-29,0.00028194
USD,2021-05-29,1.0
XAF,2021-05-29,0.0018593
XOF,2021-05-29,0.0018593
ZAR,2021-05-29,0.07233389999999999
ZMK,2021-05-29,0.0443931
ZMW,2021-05-29,0.0443931
AED,2021-05-30,0.272294
ARS,2021-05-30,0.0105876
AUD,2021-05-30,0.773292
BRL,2021-05-30,0.1907927
CAD,2021-05-30,0.828465
CHF,2021-05-30,1.1140508999999998
CZK,2021-05-30,0.047942800000000015
DKK,2021-05-30,0.1640372
ETB,2021-05-30,0.022946900000000003
EUR,2021-05-30,1.2187
GBP,2021-05-30,1.4188
GHS,2021-05-30,0.172475
ILS,2021-05-30,0.307412
INR,2021-05-30,0.013803200000000002
JPY,2021-05-30,0.00910289
KES,2021-05-30,0.0092976
MAD,2021-05-30,0.1130938
MUR,2021-05-30,0.0245539
MWK,2021-05-30,0.0012678
MXN,2021-05-30,0.04998938
MYR,2021-05-30,0.2418091
NGN,2021-05-30,0.002631578947
NOK,2021-05-30,0.119958
NZD,2021-05-30,0.7257359999999999
PEN,2021-05-30,0.259878
PLN,2021-05-30,0.27178909999999995
RUB,2021-05-30,0.0135969
RWF,2021-05-30,0.00100776
SAR,2021-05-30,0.266667
SEK,2021-05-30,0.1206842
SGD,2021-05-30,0.755735
sll,2021-05-30,9.7632e-05
THB,2021-05-30,0.0319928
TZS,2021-05-30,0.000431187
UGX,2021-05-30,0.00028194
USD,2021-05-30,1.0
XAF,2021-05-30,0.0018593
XOF,2021-05-30,0.0018593
ZAR,2021-05-30,0.07233389999999999
ZMK,2021-05-30,0.0443931
ZMW,2021-05-30,0.0443931
AED,2021-05-31,0.272294
ARS,2021-05-31,0.0105742
AUD,2021-05-31,0.773511
BRL,2021-05-31,0.191358
CAD,2021-05-31,0.8283729999999999
CHF,2021-05-31,1.111058
CZK,2021-05-31,0.0478098
DKK,2021-05-31,0.163985
ETB,2021-05-31,0.0230017
EUR,2021-05-31,1.2192
GBP,2021-05-31,1.4178
GHS,2021-05-31,0.1731151
ILS,2021-05-31,0.307941
INR,2021-05-31,0.013785
JPY,2021-05-31,0.0091157
KES,2021-05-31,0.009285
MAD,2021-05-31,0.1130395
MUR,2021-05-31,0.0245788
MWK,2021-05-31,0.00126492
MXN,2021-05-31,0.0501761
MYR,2021-05-31,0.242024
NGN,2021-05-31,0.002631578947
NOK,2021-05-31,0.11946
NZD,2021-05-31,0.725819
PEN,2021-05-31,0.262229
PLN,2021-05-31,0.2720426
RUB,2021-05-31,0.013644299999999998
RWF,2021-05-31,0.0009996
SAR,2021-05-31,0.266667
SEK,2021-05-31,0.120482
SGD,2021-05-31,0.7564801
sll,2021-05-31,9.761e-05
THB,2021-05-31,0.0319932
TZS,2021-05-31,0.00043117
UGX,2021-05-31,0.00028199
USD,2021-05-31,1.0
XAF,2021-05-31,0.0018589
XOF,2021-05-31,0.0018589
ZAR,2021-05-31,0.072767
ZMK,2021-05-31,0.0445092
ZMW,2021-05-31,0.0445092
AED,2021-07-01,0.272294
ARS,2021-07-01,0.0104479
AUD,2021-07-01,0.7492438
BRL,2021-07-01,0.201192
BWP,2021-07-01,0.0
CAD,2021-07-01,0.8061739
CHF,2021-07-01,1.079426
CZK,2021-07-01,0.0464853
DKK,2021-07-01,0.1592917
ETB,2021-07-01,0.022883
EUR,2021-07-01,1.1913
GBP,2021-07-01,1.3859
GHS,2021-07-01,0.170343
ILS,2021-07-01,0.3065357
INR,2021-07-01,0.0134421
JPY,2021-07-01,0.0089806
KES,2021-07-01,0.00926593
MAD,2021-07-01,0.111872
MUR,2021-07-01,0.0233249
MWK,2021-07-01,0.0012407
MXN,2021-07-01,0.0500968
MYR,2021-07-01,0.2405914
NGN,2021-07-01,0.00243902439
NOK,2021-07-01,0.1160277
NZD,2021-07-01,0.698606
PEN,2021-07-01,0.259898
PLN,2021-07-01,0.2622054
RUB,2021-07-01,0.01371426
RWF,2021-07-01,0.00101484
SAR,2021-07-01,0.266667
SEK,2021-07-01,0.1165043
SGD,2021-07-01,0.7428897
SLL,2021-07-01,9.7364e-05
THB,2021-07-01,0.03117713
TZS,2021-07-01,0.000431163
UGX,2021-07-01,0.000280704
USD,2021-07-01,1.0
XAF,2021-07-01,0.00180514
XOF,2021-07-01,0.00180514
ZAR,2021-07-01,0.06991576
ZMK,2021-07-01,0.0441251
ZMW,2021-07-01,0.0441251
AED,2021-07-02,0.272294
ARS,2021-07-02,0.0104422
AUD,2021-07-02,0.745867
BRL,2021-07-02,0.198065
BWP,2021-07-02,0.0
CAD,2021-07-02,0.804335
CHF,2021-07-02,1.07935
CZK,2021-07-02,0.0462581
DKK,2021-07-02,0.159074
ETB,2021-07-02,0.0228839
EUR,2021-07-02,1.1824
GBP,2021-07-02,1.3759
GHS,2021-07-02,0.170353
ILS,2021-07-02,0.3057605
INR,2021-07-02,0.0133643
JPY,2021-07-02,0.00897293
KES,2021-07-02,0.0092649
MAD,2021-07-02,0.111802
MUR,2021-07-02,0.023343
MWK,2021-07-02,0.0012389
MXN,2021-07-02,0.0500074
MYR,2021-07-02,0.2401005
NGN,2021-07-02,0.00243902439
NOK,2021-07-02,0.115619
NZD,2021-07-02,0.696277
PEN,2021-07-02,0.258362
PLN,2021-07-02,0.261585
RUB,2021-07-02,0.0135784
RWF,2021-07-02,0.00101512
SAR,2021-07-02,0.266667
SEK,2021-07-02,0.116373
SGD,2021-07-02,0.740544
SLL,2021-07-02,9.7433e-05
THB,2021-07-02,0.0310243
TZS,2021-07-02,0.00043121
UGX,2021-07-02,0.00028082
USD,2021-07-02,1.0
XAF,2021-07-02,0.00180363
XOF,2021-07-02,0.00180363
ZAR,2021-07-02,0.0691488
ZMK,2021-07-02,0.0441318
ZMW,2021-07-02,0.0441318
AED,2021-07-03,0.272294
ARS,2021-07-03,0.0104422
AUD,2021-07-03,0.745867
BRL,2021-07-03,0.198065
BWP,2021-07-03,0.0
CAD,2021-07-03,0.804335
CHF,2021-07-03,1.07935
CZK,2021-07-03,0.0462581
DKK,2021-07-03,0.159074
ETB,2021-07-03,0.0228839
EUR,2021-07-03,1.1824
GBP,2021-07-03,1.3759
GHS,2021-07-03,0.170353
ILS,2021-07-03,0.3057605
INR,2021-07-03,0.0133643
JPY,2021-07-03,0.00897293
KES,2021-07-03,0.0092649
MAD,2021-07-03,0.111802
MUR,2021-07-03,0.023343
MWK,2021-07-03,0.0012389
MXN,2021-07-03,0.0500074
MYR,2021-07-03,0.2401005
NGN,2021-07-03,0.00243902439
NOK,2021-07-03,0.115619
NZD,2021-07-03,0.696277
PEN,2021-07-03,0.258362
PLN,2021-07-03,0.261585
RUB,2021-07-03,0.0135784
RWF,2021-07-03,0.00101512
SAR,2021-07-03,0.266667
SEK,2021-07-03,0.116373
SGD,2021-07-03,0.740544
SLL,2021-07-03,9.7433e-05
THB,2021-07-03,0.0310243
TZS,2021-07-03,0.00043121
UGX,2021-07-03,0.00028082
USD,2021-07-03,1.0
XAF,2021-07-03,0.00180363
XOF,2021-07-03,0.00180363
ZAR,2021-07-03,0.0691488
ZMK,2021-07-03,0.0441318
ZMW,2021-07-03,0.0441318
AED,2021-07-04,0.272294
ARS,2021-07-04,0.0104422
AUD,2021-07-04,0.745867
BRL,2021-07-04,0.198065
BWP,2021-07-04,0.0
CAD,2021-07-04,0.804335
CHF,2021-07-04,1.07935
CZK,2021-07-04,0.0462581
DKK,2021-07-04,0.159074
ETB,2021-07-04,0.0228839
EUR,2021-07-04,1.1824
GBP,2021-07-04,1.3759
GHS,2021-07-04,0.170353
ILS,2021-07-04,0.3057605
INR,2021-07-04,0.0133643
JPY,2021-07-04,0.00897293
KES,2021-07-04,0.0092649
MAD,2021-07-04,0.111802
MUR,2021-07-04,0.023343
MWK,2021-07-04,0.0012389
MXN,2021-07-04,0.0500074
MYR,2021-07-04,0.2401005
NGN,2021-07-04,0.00243902439
NOK,2021-07-04,0.115619
NZD,2021-07-04,0.696277
PEN,2021-07-04,0.258362
PLN,2021-07-04,0.261585
RUB,2021-07-04,0.0135784
RWF,2021-07-04,0.00101512
SAR,2021-07-04,0.266667
SEK,2021-07-04,0.116373
SGD,2021-07-04,0.740544
SLL,2021-07-04,9.7433e-05
THB,2021-07-04,0.0310243
TZS,2021-07-04,0.00043121
UGX,2021-07-04,0.00028082
USD,2021-07-04,1.0
XAF,2021-07-04,0.00180363
XOF,2021-07-04,0.00180363
ZAR,2021-07-04,0.0691488
ZMK,2021-07-04,0.0441318
ZMW,2021-07-04,0.0441318
AED,2021-07-05,0.272294
ARS,2021-07-05,0.0104387
AUD,2021-07-05,0.753231
BRL,2021-07-05,0.197669
BWP,2021-07-05,0.0
CAD,2021-07-05,0.8107106
CHF,2021-07-05,1.085012
CZK,2021-07-05,0.046443
DKK,2021-07-05,0.159635
ETB,2021-07-05,0.022924
EUR,2021-07-05,1.1871
GBP,2021-07-05,1.3844
GHS,2021-07-05,0.169677
ILS,2021-07-05,0.30659
INR,2021-07-05,0.0134498
JPY,2021-07-05,0.0090187
KES,2021-07-05,0.0092669
MAD,2021-07-05,0.1119775
MUR,2021-07-05,0.023237
MWK,2021-07-05,0.0012402
MXN,2021-07-05,0.0505
MYR,2021-07-05,0.240626
NGN,2021-07-05,0.00243902439
NOK,2021-07-05,0.116541
NZD,2021-07-05,0.702501
PEN,2021-07-05,0.256212
PLN,2021-07-05,0.263314
RUB,2021-07-05,0.013647
RWF,2021-07-05,0.00099723
SAR,2021-07-05,0.266667
SEK,2021-07-05,0.116898
SGD,2021-07-05,0.7432746
SLL,2021-07-05,9.7402e-05
THB,2021-07-05,0.0311354
TZS,2021-07-05,0.0004312001
UGX,2021-07-05,0.00028094
USD,2021-07-05,1.0
XAF,2021-07-05,0.00180908
XOF,2021-07-05,0.00180908
ZAR,2021-07-05,0.07021113
ZMK,2021-07-05,0.0442551
ZMW,2021-07-05,0.0442551
AED,2021-07-06,0.272294
ARS,2021-07-06,0.010429
AUD,2021-07-06,0.757929
BRL,2021-07-06,0.196398
BWP,2021-07-06,0.0
CAD,2021-07-06,0.8110772
CHF,2021-07-06,1.08512
CZK,2021-07-06,0.0464201
DKK,2021-07-06,0.159597
ETB,2021-07-06,0.0229048
EUR,2021-07-06,1.1872
GBP,2021-07-06,1.3871
GHS,2021-07-06,0.169373
ILS,2021-07-06,0.306672
INR,2021-07-06,0.0134418
JPY,2021-07-06,0.009027
KES,2021-07-06,0.0092675
MAD,2021-07-06,0.1120096
MUR,2021-07-06,0.02322416
MWK,2021-07-06,0.00124105
MXN,2021-07-06,0.0504534
MYR,2021-07-06,0.2408406
NGN,2021-07-06,0.00243902439
NOK,2021-07-06,0.1167518
NZD,2021-07-06,0.708365
PEN,2021-07-06,0.254291
PLN,2021-07-06,0.263498
RUB,2021-07-06,0.0136419
RWF,2021-07-06,0.0010015
SAR,2021-07-06,0.266667
SEK,2021-07-06,0.117021
SGD,2021-07-06,0.744272
SLL,2021-07-06,9.74409e-05
THB,2021-07-06,0.0311151
TZS,2021-07-06,0.000431291
UGX,2021-07-06,0.00028088
USD,2021-07-06,1.0
XAF,2021-07-06,0.00180813
XOF,2021-07-06,0.00180813
ZAR,2021-07-06,0.0702465
ZMK,2021-07-06,0.0440782
ZMW,2021-07-06,0.0440782
AED,2021-07-07,0.272294
ARS,2021-07-07,0.0104263
AUD,2021-07-07,0.750975
BRL,2021-07-07,0.192428
BWP,2021-07-07,0.0
CAD,2021-07-07,0.803936
CHF,2021-07-07,1.083669
CZK,2021-07-07,0.04619639
DKK,2021-07-07,0.159083
ETB,2021-07-07,0.0227355
EUR,2021-07-07,1.1828072
GBP,2021-07-07,1.381022
GHS,2021-07-07,0.1688133
ILS,2021-07-07,0.306055
INR,2021-07-07,0.013398
JPY,2021-07-07,0.0090358
KES,2021-07-07,0.009262
MAD,2021-07-07,0.111785
MUR,2021-07-07,0.0231847
MWK,2021-07-07,0.00124373
MXN,2021-07-07,0.0500964
MYR,2021-07-07,0.24038
NGN,2021-07-07,0.00243902439
NOK,2021-07-07,0.115334
NZD,2021-07-07,0.70363
PEN,2021-07-07,0.2530178
PLN,2021-07-07,0.2618866
RUB,2021-07-07,0.0135167
RWF,2021-07-07,0.001011004
SAR,2021-07-07,0.266667
SEK,2021-07-07,0.11665111
SGD,2021-07-07,0.742231
SLL,2021-07-07,9.7217e-05
THB,2021-07-07,0.0309708
TZS,2021-07-07,0.00043118
UGX,2021-07-07,0.000281165
USD,2021-07-07,1.0
XAF,2021-07-07,0.00180304
XOF,2021-07-07,0.00180304
ZAR,2021-07-07,0.0696466
ZMK,2021-07-07,0.0440678
ZMW,2021-07-07,0.0440678
AED,2021-07-08,0.272294
ARS,2021-07-08,0.0104222
AUD,2021-07-08,0.743128
BRL,2021-07-08,0.1910833
BWP,2021-07-08,0.0914064
CAD,2021-07-08,0.7965581
CHF,2021-07-08,1.086381
CZK,2021-07-08,0.045738
DKK,2021-07-08,0.158892
ETB,2021-07-08,0.022707
EUR,2021-07-08,1.1818
GBP,2021-07-08,1.3774
GHS,2021-07-08,0.168729
ILS,2021-07-08,0.305177
INR,2021-07-08,0.0133798
JPY,2021-07-08,0.00910119
KES,2021-07-08,0.00924133
MAD,2021-07-08,0.111717
MUR,2021-07-08,0.0231998
MWK,2021-07-08,0.0012458
MXN,2021-07-08,0.0497408
MYR,2021-07-08,0.239334
NGN,2021-07-08,0.00243902439
NOK,2021-07-08,0.113922
NZD,2021-07-08,0.696504
PEN,2021-07-08,0.252461
PLN,2021-07-08,0.260038
RUB,2021-07-08,0.0132878
RWF,2021-07-08,0.00099165
SAR,2021-07-08,0.266667
SEK,2021-07-08,0.1158814
SGD,2021-07-08,0.739704
SLL,2021-07-08,9.7393e-05
THB,2021-07-08,0.03081
TZS,2021-07-08,0.000431189
UGX,2021-07-08,0.0002812
USD,2021-07-08,1.0
XAF,2021-07-08,0.00180125
XOF,2021-07-08,0.00180125
ZAR,2021-07-08,0.0694503
ZMK,2021-07-08,0.0440309
ZMW,2021-07-08,0.0440309
AED,2021-07-09,0.272294
ARS,2021-07-09,0.0104184
AUD,2021-07-09,0.7441677
BRL,2021-07-09,0.1901153
BWP,2021-07-09,0.0913858
CAD,2021-07-09,0.798948
CHF,2021-07-09,1.09285
CZK,2021-07-09,0.0459906
DKK,2021-07-09,0.159259
ETB,2021-07-09,0.022756
EUR,2021-07-09,1.18403
GBP,2021-07-09,1.3777
GHS,2021-07-09,0.168936
ILS,2021-07-09,0.305506
INR,2021-07-09,0.0134004
JPY,2021-07-09,0.00909009
KES,2021-07-09,0.0092647
MAD,2021-07-09,0.111857
MUR,2021-07-09,0.0235291
MWK,2021-07-09,0.0012464
MXN,2021-07-09,0.0501749
MYR,2021-07-09,0.238717
NGN,2021-07-09,0.00243902439
NOK,2021-07-09,0.114053
NZD,2021-07-09,0.694899
PEN,2021-07-09,0.252604
PLN,2021-07-09,0.260423
RUB,2021-07-09,0.0134323
RWF,2021-07-09,0.00099424
SAR,2021-07-09,0.266667
SEK,2021-07-09,0.116261
SGD,2021-07-09,0.738563
SLL,2021-07-09,9.71954e-05
THB,2021-07-09,0.0307381
TZS,2021-07-09,0.000431142
UGX,2021-07-09,0.000281904
USD,2021-07-09,1.0
XAF,2021-07-09,0.0018049
XOF,2021-07-09,0.0018049
ZAR,2021-07-09,0.070026
ZMK,2021-07-09,0.0441302
ZMW,2021-07-09,0.0441302
AED,2021-07-10,0.272294
ARS,2021-07-10,0.0104184
AUD,2021-07-10,0.7441677
BRL,2021-07-10,0.1901153
BWP,2021-07-10,0.0913858
CAD,2021-07-10,0.798948
CHF,2021-07-10,1.09285
CZK,2021-07-10,0.0459906
DKK,2021-07-10,0.159259
ETB,2021-07-10,0.022756
EUR,2021-07-10,1.18403
GBP,2021-07-10,1.3777
GHS,2021-07-10,0.168936
ILS,2021-07-10,0.305506
INR,2021-07-10,0.0134004
JPY,2021-07-10,0.00909009
KES,2021-07-10,0.0092647
MAD,2021-07-10,0.111857
MUR,2021-07-10,0.0235291
MWK,2021-07-10,0.0012464
MXN,2021-07-10,0.0501749
MYR,2021-07-10,0.238717
NGN,2021-07-10,0.00243902439
NOK,2021-07-10,0.114053
NZD,2021-07-10,0.694899
PEN,2021-07-10,0.252604
PLN,2021-07-10,0.260423
RUB,2021-07-10,0.0134323
RWF,2021-07-10,0.00099424
SAR,2021-07-10,0.266667
SEK,2021-07-10,0.116261
SGD,2021-07-10,0.738563
SLL,2021-07-10,9.71954e-05
THB,2021-07-10,0.0307381
TZS,2021-07-10,0.000431142
UGX,2021-07-10,0.000281904
USD,2021-07-10,1.0
XAF,2021-07-10,0.0018049
XOF,2021-07-10,0.0018049
ZAR,2021-07-10,0.070026
ZMK,2021-07-10,0.0441302
ZMW,2021-07-10,0.0441302
AED,2021-07-11,0.272294
ARS,2021-07-11,0.0104184
AUD,2021-07-11,0.7441677
BRL,2021-07-11,0.1901153
BWP,2021-07-11,0.0913858
CAD,2021-07-11,0.798948
CHF,2021-07-11,1.09285
CZK,2021-07-11,0.0459906
DKK,2021-07-11,0.159259
ETB,2021-07-11,0.022756
EUR,2021-07-11,1.18403
GBP,2021-07-11,1.3777
GHS,2021-07-11,0.168936
ILS,2021-07-11,0.305506
INR,2021-07-11,0.0134004
JPY,2021-07-11,0.00909009
KES,2021-07-11,0.0092647
MAD,2021-07-11,0.111857
MUR,2021-07-11,0.0235291
MWK,2021-07-11,0.0012464
MXN,2021-07-11,0.0501749
MYR,2021-07-11,0.238717
NGN,2021-07-11,0.00243902439
NOK,2021-07-11,0.114053
NZD,2021-07-11,0.694899
PEN,2021-07-11,0.252604
PLN,2021-07-11,0.260423
RUB,2021-07-11,0.0134323
RWF,2021-07-11,0.00099424
SAR,2021-07-11,0.266667
SEK,2021-07-11,0.116261
SGD,2021-07-11,0.738563
SLL,2021-07-11,9.71954e-05
THB,2021-07-11,0.0307381
TZS,2021-07-11,0.000431142
UGX,2021-07-11,0.000281904
USD,2021-07-11,1.0
XAF,2021-07-11,0.0018049
XOF,2021-07-11,0.0018049
ZAR,2021-07-11,0.070026
ZMK,2021-07-11,0.0441302
ZMW,2021-07-11,0.0441302
AED,2021-07-12,0.272294
ARS,2021-07-12,0.0104189
AUD,2021-07-12,0.747385
BRL,2021-07-12,0.1901242
BWP,2021-07-12,0.0915105
CAD,2021-07-12,0.802341
CHF,2021-07-12,1.094414
CZK,2021-07-12,0.0461064
DKK,2021-07-12,0.159739
ETB,2021-07-12,0.0227869
EUR,2021-07-12,1.1877
GBP,2021-07-12,1.3876
GHS,2021-07-12,0.168874
ILS,2021-07-12,0.304896
INR,2021-07-12,0.0134141
JPY,2021-07-12,0.0090877
KES,2021-07-12,0.0092644
MAD,2021-07-12,0.112088
MUR,2021-07-12,0.023321
MWK,2021-07-12,0.0012455
MXN,2021-07-12,0.050248
MYR,2021-07-12,0.238623
NGN,2021-07-12,0.00243902439
NOK,2021-07-12,0.115047
NZD,2021-07-12,0.697819
PEN,2021-07-12,0.251897
PLN,2021-07-12,0.2607629
RUB,2021-07-12,0.013398
RWF,2021-07-12,0.00099549
SAR,2021-07-12,0.266667
SEK,2021-07-12,0.1165341
SGD,2021-07-12,0.7404261
SLL,2021-07-12,9.7463e-05
THB,2021-07-12,0.0306672
TZS,2021-07-12,0.000431151
UGX,2021-07-12,0.000282017
USD,2021-07-12,1.0
XAF,2021-07-12,0.00181035
XOF,2021-07-12,0.00181035
ZAR,2021-07-12,0.0697847
ZMK,2021-07-12,0.04413451
ZMW,2021-07-12,0.04413451
AED,2021-07-13,0.272294
ARS,2021-07-13,0.01040612
AUD,2021-07-13,0.7482307
BRL,2021-07-13,0.193257
BWP,2021-07-13,0.0915617
CAD,2021-07-13,0.8019908
CHF,2021-07-13,1.091706
CZK,2021-07-13,0.046228
DKK,2021-07-13,0.1592831
ETB,2021-07-13,0.0227795
EUR,2021-07-13,1.1877
GBP,2021-07-13,1.3876
GHS,2021-07-13,0.168531
ILS,2021-07-13,0.304781
INR,2021-07-13,0.0134226
JPY,2021-07-13,0.0090584
KES,2021-07-13,0.00926364
MAD,2021-07-13,0.1119474
MUR,2021-07-13,0.0232766
MWK,2021-07-13,0.00124828
MXN,2021-07-13,0.0503136
MYR,2021-07-13,0.238597
NGN,2021-07-13,0.00243902439
NOK,2021-07-13,0.1150115
NZD,2021-07-13,0.6984412
PEN,2021-07-13,0.252343
PLN,2021-07-13,0.2597815
RUB,2021-07-13,0.0135213
RWF,2021-07-13,0.00099973
SAR,2021-07-13,0.266667
SEK,2021-07-13,0.116396
SGD,2021-07-13,0.739634
SLL,2021-07-13,9.7457e-05
THB,2021-07-13,0.0306638
TZS,2021-07-13,0.000431171
UGX,2021-07-13,0.000282768
USD,2021-07-13,1.0
XAF,2021-07-13,0.00180619
XOF,2021-07-13,0.00180619
ZAR,2021-07-13,0.06898116
ZMK,2021-07-13,0.0441258
ZMW,2021-07-13,0.0441258
AED,2021-07-14,0.272294
ARS,2021-07-14,0.0104022
AUD,2021-07-14,0.74793
BRL,2021-07-14,0.193644
BWP,2021-07-14,0.0915556
CAD,2021-07-14,0.79936
CHF,2021-07-14,1.0893
CZK,2021-07-14,0.045879
DKK,2021-07-14,0.158472
ETB,2021-07-14,0.0227448
EUR,2021-07-14,1.179262
GBP,2021-07-14,1.384668
GHS,2021-07-14,0.168569
ILS,2021-07-14,0.304291
INR,2021-07-14,0.0134072
JPY,2021-07-14,0.00804937
KES,2021-07-14,0.00925949
MAD,2021-07-14,0.111603
MUR,2021-07-14,0.0234863
MWK,2021-07-14,0.00125046
MXN,2021-07-14,0.050008
MYR,2021-07-14,0.238118
NGN,2021-07-14,0.00243902439
NOK,2021-07-14,0.114245
NZD,2021-07-14,0.701078
PEN,2021-07-14,0.251949
PLN,2021-07-14,0.256727
RUB,2021-07-14,0.0134941
RWF,2021-07-14,0.0010003
SAR,2021-07-14,0.266667
SEK,2021-07-14,0.115669
SGD,2021-07-14,0.738111
SLL,2021-07-14,9.7753e-05
THB,2021-07-14,0.0306163
TZS,2021-07-14,0.000431196
UGX,2021-07-14,0.0002824
USD,2021-07-14,1.0
XAF,2021-07-14,0.00179681
XOF,2021-07-14,0.00179681
ZAR,2021-07-14,0.067698
ZMK,2021-07-14,0.044053
ZMW,2021-07-14,0.044053
AED,2021-07-15,0.272294
ARS,2021-07-15,0.0103968
AUD,2021-07-15,0.7432472
BRL,2021-07-15,0.195606
BWP,2021-07-15,0.090714
CAD,2021-07-15,0.794891
CHF,2021-07-15,1.08739
CZK,2021-07-15,0.046249
DKK,2021-07-15,0.1587222
ETB,2021-07-15,0.0227114
EUR,2021-07-15,1.179262
GBP,2021-07-15,1.384668
GHS,2021-07-15,0.168275
ILS,2021-07-15,0.304861
INR,2021-07-15,0.0134025
JPY,2021-07-15,0.0090836
KES,2021-07-15,0.00925
MAD,2021-07-15,0.1116628
MUR,2021-07-15,0.0234655
MWK,2021-07-15,0.0012347
MXN,2021-07-15,0.0502655
MYR,2021-07-15,0.2375448
NGN,2021-07-15,0.00243902439
NOK,2021-07-15,0.1134427
NZD,2021-07-15,0.7012091
PEN,2021-07-15,0.253273
PLN,2021-07-15,0.2574523
RUB,2021-07-15,0.0134952
RWF,2021-07-15,0.00100323
SAR,2021-07-15,0.266667
SEK,2021-07-15,0.115273
SGD,2021-07-15,0.738293
SLL,2021-07-15,9.75651e-05
THB,2021-07-15,0.0305281
TZS,2021-07-15,0.000431123
UGX,2021-07-15,0.00028122
USD,2021-07-15,1.0
XAF,2021-07-15,0.00179979
XOF,2021-07-15,0.00179979
ZAR,2021-07-15,0.0692063
ZMK,2021-07-15,0.0440948
ZMW,2021-07-15,0.0440948
AED,2021-07-16,0.272294
ARS,2021-07-16,0.0103968
AUD,2021-07-16,0.7432472
BRL,2021-07-16,0.195606
BWP,2021-07-16,0.090714
CAD,2021-07-16,0.794891
CHF,2021-07-16,1.08739
CZK,2021-07-16,0.046249
DKK,2021-07-16,0.1587222
ETB,2021-07-16,0.0227114
EUR,2021-07-16,1.1801
GBP,2021-07-16,1.3821
GHS,2021-07-16,0.168275
ILS,2021-07-16,0.304861
INR,2021-07-16,0.0134025
JPY,2021-07-16,0.0090836
KES,2021-07-16,0.00925
MAD,2021-07-16,0.1116628
MUR,2021-07-16,0.0234655
MWK,2021-07-16,0.0012347
MXN,2021-07-16,0.0502655
MYR,2021-07-16,0.2375448
NGN,2021-07-16,0.00243902439
NOK,2021-07-16,0.1134427
NZD,2021-07-16,0.7012091
PEN,2021-07-16,0.253273
PLN,2021-07-16,0.2574523
RUB,2021-07-16,0.0134952
RWF,2021-07-16,0.00100323
SAR,2021-07-16,0.266667
SEK,2021-07-16,0.115273
SGD,2021-07-16,0.738293
SLL,2021-07-16,9.75651e-05
THB,2021-07-16,0.0305281
TZS,2021-07-16,0.000431123
UGX,2021-07-16,0.00028122
USD,2021-07-16,1.0
XAF,2021-07-16,0.00179979
XOF,2021-07-16,0.00179979
ZAR,2021-07-16,0.0692063
ZMK,2021-07-16,0.0440948
ZMW,2021-07-16,0.0440948
AED,2021-07-17,0.272294
ARS,2021-07-17,0.0103968
AUD,2021-07-17,0.7432472
BRL,2021-07-17,0.195606
BWP,2021-07-17,0.090714
CAD,2021-07-17,0.794891
CHF,2021-07-17,1.08739
CZK,2021-07-17,0.046249
DKK,2021-07-17,0.1587222
ETB,2021-07-17,0.0227114
EUR,2021-07-17,1.1801
GBP,2021-07-17,1.3821
GHS,2021-07-17,0.168275
ILS,2021-07-17,0.304861
INR,2021-07-17,0.0134025
JPY,2021-07-17,0.0090836
KES,2021-07-17,0.00925
MAD,2021-07-17,0.1116628
MUR,2021-07-17,0.0234655
MWK,2021-07-17,0.0012347
MXN,2021-07-17,0.0502655
MYR,2021-07-17,0.2375448
NGN,2021-07-17,0.00243902439
NOK,2021-07-17,0.1134427
NZD,2021-07-17,0.7012091
PEN,2021-07-17,0.253273
PLN,2021-07-17,0.2574523
RUB,2021-07-17,0.0134952
RWF,2021-07-17,0.00100323
SAR,2021-07-17,0.266667
SEK,2021-07-17,0.115273
SGD,2021-07-17,0.738293
SLL,2021-07-17,9.75651e-05
THB,2021-07-17,0.0305281
TZS,2021-07-17,0.000431123
UGX,2021-07-17,0.00028122
USD,2021-07-17,1.0
XAF,2021-07-17,0.00179979
XOF,2021-07-17,0.00179979
ZAR,2021-07-17,0.0692063
ZMK,2021-07-17,0.0440948
ZMW,2021-07-17,0.0440948
AED,2021-07-18,0.272294
ARS,2021-07-18,0.0103968
AUD,2021-07-18,0.7432472
BRL,2021-07-18,0.195606
BWP,2021-07-18,0.090714
CAD,2021-07-18,0.794891
CHF,2021-07-18,1.08739
CZK,2021-07-18,0.046249
DKK,2021-07-18,0.1587222
ETB,2021-07-18,0.0227114
EUR,2021-07-18,1.1801
GBP,2021-07-18,1.3821
GHS,2021-07-18,0.168275
ILS,2021-07-18,0.304861
INR,2021-07-18,0.0134025
JPY,2021-07-18,0.0090836
KES,2021-07-18,0.00925
MAD,2021-07-18,0.1116628
MUR,2021-07-18,0.0234655
MWK,2021-07-18,0.0012347
MXN,2021-07-18,0.0502655
MYR,2021-07-18,0.2375448
NGN,2021-07-18,0.00243902439
NOK,2021-07-18,0.1134427
NZD,2021-07-18,0.7012091
PEN,2021-07-18,0.253273
PLN,2021-07-18,0.2574523
RUB,2021-07-18,0.0134952
RWF,2021-07-18,0.00100323
SAR,2021-07-18,0.266667
SEK,2021-07-18,0.115273
SGD,2021-07-18,0.738293
SLL,2021-07-18,9.75651e-05
THB,2021-07-18,0.0305281
TZS,2021-07-18,0.000431123
UGX,2021-07-18,0.00028122
USD,2021-07-18,1.0
XAF,2021-07-18,0.00179979
XOF,2021-07-18,0.00179979
ZAR,2021-07-18,0.0692063
ZMK,2021-07-18,0.0440948
ZMW,2021-07-18,0.0440948
AED,2021-07-19,0.272294
ARS,2021-07-19,0.0103808
AUD,2021-07-19,0.731883
BRL,2021-07-19,0.1914997
BWP,2021-07-19,0.090646
CAD,2021-07-19,0.7890284
CHF,2021-07-19,1.0855711
CZK,2021-07-19,0.045898
DKK,2021-07-19,0.1583748
ETB,2021-07-19,0.02259
EUR,2021-07-19,1.17808
GBP,2021-07-19,1.36323
GHS,2021-07-19,0.167728
ILS,2021-07-19,0.304084
INR,2021-07-19,0.0134157
JPY,2021-07-19,0.0090839
KES,2021-07-19,0.0092422
MAD,2021-07-19,0.111559
MUR,2021-07-19,0.023543
MWK,2021-07-19,0.00123631
MXN,2021-07-19,0.0497011
MYR,2021-07-19,0.2362814
NGN,2021-07-19,0.00243902439
NOK,2021-07-19,0.111572
NZD,2021-07-19,0.692831
PEN,2021-07-19,0.253184
PLN,2021-07-19,0.2562708
RUB,2021-07-19,0.0134444
RWF,2021-07-19,0.0009934
SAR,2021-07-19,0.266667
SEK,2021-07-19,0.1150365
SGD,2021-07-19,0.7315877
SLL,2021-07-19,9.7783e-05
THB,2021-07-19,0.03044316
TZS,2021-07-19,0.000431126
UGX,2021-07-19,0.000281224
USD,2021-07-19,1.0
XAF,2021-07-19,0.0017954
XOF,2021-07-19,0.0017954
ZAR,2021-07-19,0.0680547
ZMK,2021-07-19,0.0448285
ZMW,2021-07-19,0.0448285
AED,2021-07-20,0.272294
ARS,2021-07-20,0.0103808
AUD,2021-07-20,0.731883
BRL,2021-07-20,0.1914997
BWP,2021-07-20,0.090646
CAD,2021-07-20,0.7890284
CHF,2021-07-20,1.0855711
CZK,2021-07-20,0.045898
DKK,2021-07-20,0.1583748
ETB,2021-07-20,0.02259
EUR,2021-07-20,1.17808
GBP,2021-07-20,1.36323
GHS,2021-07-20,0.167728
ILS,2021-07-20,0.304084
INR,2021-07-20,0.0134157
JPY,2021-07-20,0.0090839
KES,2021-07-20,0.0092422
MAD,2021-07-20,0.111559
MUR,2021-07-20,0.023543
MWK,2021-07-20,0.00123631
MXN,2021-07-20,0.0497011
MYR,2021-07-20,0.2362814
NGN,2021-07-20,0.00243902439
NOK,2021-07-20,0.111572
NZD,2021-07-20,0.692831
PEN,2021-07-20,0.253184
PLN,2021-07-20,0.2562708
RUB,2021-07-20,0.0134444
RWF,2021-07-20,0.0009934
SAR,2021-07-20,0.266667
SEK,2021-07-20,0.1150365
SGD,2021-07-20,0.7315877
SLL,2021-07-20,9.7783e-05
THB,2021-07-20,0.03044316
TZS,2021-07-20,0.000431126
UGX,2021-07-20,0.000281224
USD,2021-07-20,1.0
XAF,2021-07-20,0.0017954
XOF,2021-07-20,0.0017954
ZAR,2021-07-20,0.0680547
ZMK,2021-07-20,0.0448285
ZMW,2021-07-20,0.0448285
AED,2021-07-21,0.272294
ARS,2021-07-21,0.0103808
AUD,2021-07-21,0.731883
BRL,2021-07-21,0.1914997
BWP,2021-07-21,0.090646
CAD,2021-07-21,0.7890284
CHF,2021-07-21,1.0855711
CZK,2021-07-21,0.045898
DKK,2021-07-21,0.1583748
ETB,2021-07-21,0.02259
EUR,2021-07-21,1.17808
GBP,2021-07-21,1.36323
GHS,2021-07-21,0.167728
ILS,2021-07-21,0.304084
INR,2021-07-21,0.0134157
JPY,2021-07-21,0.0090839
KES,2021-07-21,0.0092422
MAD,2021-07-21,0.111559
MUR,2021-07-21,0.023543
MWK,2021-07-21,0.00123631
MXN,2021-07-21,0.0497011
MYR,2021-07-21,0.2362814
NGN,2021-07-21,0.00243902439
NOK,2021-07-21,0.111572
NZD,2021-07-21,0.692831
PEN,2021-07-21,0.253184
PLN,2021-07-21,0.2562708
RUB,2021-07-21,0.0134444
RWF,2021-07-21,0.0009934
SAR,2021-07-21,0.266667
SEK,2021-07-21,0.1150365
SGD,2021-07-21,0.7315877
SLL,2021-07-21,9.7783e-05
THB,2021-07-21,0.03044316
TZS,2021-07-21,0.000431126
UGX,2021-07-21,0.000281224
USD,2021-07-21,1.0
XAF,2021-07-21,0.0017954
XOF,2021-07-21,0.0017954
ZAR,2021-07-21,0.0680547
ZMK,2021-07-21,0.0448285
ZMW,2021-07-21,0.0448285
AED,2021-07-22,0.272294
ARS,2021-07-22,0.0103779
AUD,2021-07-22,0.736536
BRL,2021-07-22,0.1927252
BWP,2021-07-22,0.0904635
CAD,2021-07-22,0.795441
CHF,2021-07-22,1.088661
CZK,2021-07-22,0.0459381
DKK,2021-07-22,0.1584181
ETB,2021-07-22,0.022707
EUR,2021-07-22,1.1796
GBP,2021-07-22,1.3737
GHS,2021-07-22,0.168256
ILS,2021-07-22,0.3056096
INR,2021-07-22,0.0134325
JPY,2021-07-22,0.0090628
KES,2021-07-22,0.00925105
MAD,2021-07-22,0.1115493
MUR,2021-07-22,0.0234046
MWK,2021-07-22,0.0012377
MXN,2021-07-22,0.0496046
MYR,2021-07-22,0.236705
NGN,2021-07-22,0.00243902439
NOK,2021-07-22,0.1124886
NZD,2021-07-22,0.695155
PEN,2021-07-22,0.253528
PLN,2021-07-22,0.257373
RUB,2021-07-22,0.0135668
RWF,2021-07-22,0.0010111
SAR,2021-07-22,0.266667
SEK,2021-07-22,0.1150782
SGD,2021-07-22,0.73448
SLL,2021-07-22,9.7701e-05
THB,2021-07-22,0.03043
TZS,2021-07-22,0.000431209
UGX,2021-07-22,0.00028133
USD,2021-07-22,1.0
XAF,2021-07-22,0.0017964
XOF,2021-07-22,0.0017964
ZAR,2021-07-22,0.0687263
ZMK,2021-07-22,0.0448555
ZMW,2021-07-22,0.0448555
AED,2021-07-23,0.272294
ARS,2021-07-23,0.0103727
AUD,2021-07-23,0.737255
BRL,2021-07-23,0.192238
BWP,2021-07-23,0.0904872
CAD,2021-07-23,0.795661
CHF,2021-07-23,1.087819
CZK,2021-07-23,0.0458728
DKK,2021-07-23,0.158389
ETB,2021-07-23,0.022547
EUR,2021-07-23,1.1778
GBP,2021-07-23,1.3741
GHS,2021-07-23,0.1677907
ILS,2021-07-23,0.3056551
INR,2021-07-23,0.013438
JPY,2021-07-23,0.00906121
KES,2021-07-23,0.00924304
MAD,2021-07-23,0.1115107
MUR,2021-07-23,0.0234334
MWK,2021-07-23,0.0012385
MXN,2021-07-23,0.0497299
MYR,2021-07-23,0.236663
NGN,2021-07-23,0.00243902439
NOK,2021-07-23,0.112831
NZD,2021-07-23,0.696784
PEN,2021-07-23,0.2540995
PLN,2021-07-23,0.2576321
RUB,2021-07-23,0.0135568
RWF,2021-07-23,0.00100468
SAR,2021-07-23,0.266667
SEK,2021-07-23,0.1152066
SGD,2021-07-23,0.7353101
SLL,2021-07-23,9.7782e-05
THB,2021-07-23,0.030384
TZS,2021-07-23,0.00043118
UGX,2021-07-23,0.00028179
USD,2021-07-23,1.0
XAF,2021-07-23,0.0017962
XOF,2021-07-23,0.0017962
ZAR,2021-07-23,0.067774
ZMK,2021-07-23,0.045155
ZMW,2021-07-23,0.045155
AED,2021-07-24,0.272294
ARS,2021-07-24,0.0103727
AUD,2021-07-24,0.737255
BRL,2021-07-24,0.192238
BWP,2021-07-24,0.0904872
CAD,2021-07-24,0.795661
CHF,2021-07-24,1.087819
CZK,2021-07-24,0.0458728
DKK,2021-07-24,0.158389
ETB,2021-07-24,0.022547
EUR,2021-07-24,1.1778
GBP,2021-07-24,1.3741
GHS,2021-07-24,0.1677907
ILS,2021-07-24,0.3056551
INR,2021-07-24,0.013438
JPY,2021-07-24,0.00906121
KES,2021-07-24,0.00924304
MAD,2021-07-24,0.1115107
MUR,2021-07-24,0.0234334
MWK,2021-07-24,0.0012385
MXN,2021-07-24,0.0497299
MYR,2021-07-24,0.236663
NGN,2021-07-24,0.00243902439
NOK,2021-07-24,0.112831
NZD,2021-07-24,0.696784
PEN,2021-07-24,0.2540995
PLN,2021-07-24,0.2576321
RUB,2021-07-24,0.0135568
RWF,2021-07-24,0.00100468
SAR,2021-07-24,0.266667
SEK,2021-07-24,0.1152066
SGD,2021-07-24,0.7353101
SLL,2021-07-24,9.7782e-05
THB,2021-07-24,0.030384
TZS,2021-07-24,0.00043118
UGX,2021-07-24,0.00028179
USD,2021-07-24,1.0
XAF,2021-07-24,0.0017962
XOF,2021-07-24,0.0017962
ZAR,2021-07-24,0.067774
ZMK,2021-07-24,0.045155
ZMW,2021-07-24,0.045155
AED,2021-07-25,0.272294
ARS,2021-07-25,0.0103727
AUD,2021-07-25,0.737255
BRL,2021-07-25,0.192238
BWP,2021-07-25,0.0904872
CAD,2021-07-25,0.795661
CHF,2021-07-25,1.087819
CZK,2021-07-25,0.0458728
DKK,2021-07-25,0.158389
ETB,2021-07-25,0.022547
EUR,2021-07-25,1.1778
GBP,2021-07-25,1.3741
GHS,2021-07-25,0.1677907
ILS,2021-07-25,0.3056551
INR,2021-07-25,0.013438
JPY,2021-07-25,0.00906121
KES,2021-07-25,0.00924304
MAD,2021-07-25,0.1115107
MUR,2021-07-25,0.0234334
MWK,2021-07-25,0.0012385
MXN,2021-07-25,0.0497299
MYR,2021-07-25,0.236663
NGN,2021-07-25,0.00243902439
NOK,2021-07-25,0.112831
NZD,2021-07-25,0.696784
PEN,2021-07-25,0.2540995
PLN,2021-07-25,0.2576321
RUB,2021-07-25,0.0135568
RWF,2021-07-25,0.00100468
SAR,2021-07-25,0.266667
SEK,2021-07-25,0.1152066
SGD,2021-07-25,0.7353101
SLL,2021-07-25,9.7782e-05
THB,2021-07-25,0.030384
TZS,2021-07-25,0.00043118
UGX,2021-07-25,0.00028179
USD,2021-07-25,1.0
XAF,2021-07-25,0.0017962
XOF,2021-07-25,0.0017962
ZAR,2021-07-25,0.067774
ZMK,2021-07-25,0.045155
ZMW,2021-07-25,0.045155
AED,2021-07-26,0.272294
ARS,2021-07-26,0.010378
AUD,2021-07-26,0.73367
BRL,2021-07-26,0.19226
BWP,2021-07-26,0.089934
CAD,2021-07-26,0.7947
CHF,2021-07-26,1.08918
CZK,2021-07-26,0.045836
DKK,2021-07-26,0.15839
ETB,2021-07-26,0.022571
EUR,2021-07-26,1.1779
GBP,2021-07-26,1.3745
GHS,2021-07-26,0.167675
ILS,2021-07-26,0.30605
INR,2021-07-26,0.013428
JPY,2021-07-26,0.0090765
KES,2021-07-26,0.0092258
MAD,2021-07-26,0.11152
MUR,2021-07-26,0.023424
MWK,2021-07-26,0.0012356
MXN,2021-07-26,0.049636
MYR,2021-07-26,0.23641
NGN,2021-07-26,0.00243902439
NOK,2021-07-26,0.111949
NZD,2021-07-26,0.69555
PEN,2021-07-26,0.25498
PLN,2021-07-26,0.25695
RUB,2021-07-26,0.013479
RWF,2021-07-26,0.000993404
SAR,2021-07-26,0.266667
SEK,2021-07-26,0.11518
SGD,2021-07-26,0.73474
SLL,2021-07-26,9.7522e-05
THB,2021-07-26,0.030338
TZS,2021-07-26,0.000431225
UGX,2021-07-26,0.0002824
USD,2021-07-26,1.0
XAF,2021-07-26,0.0017957
XOF,2021-07-26,0.0017957
ZAR,2021-07-26,0.066776
ZMK,2021-07-26,0.0477132
ZMW,2021-07-26,0.0477132
AED,2021-07-27,0.272294
ARS,2021-07-27,0.0103592
AUD,2021-07-27,0.734206
BRL,2021-07-27,0.1931534
BWP,2021-07-27,0.0898791
CAD,2021-07-27,0.794556
CHF,2021-07-27,1.0896
CZK,2021-07-27,0.0457722
DKK,2021-07-27,0.158325
ETB,2021-07-27,0.022588
EUR,2021-07-27,1.17804
GBP,2021-07-27,1.37945
GHS,2021-07-27,0.168371
ILS,2021-07-27,0.306967
INR,2021-07-27,0.0134181
JPY,2021-07-27,0.00908326
KES,2021-07-27,0.00921534
MAD,2021-07-27,0.111573
MUR,2021-07-27,0.0235184
MWK,2021-07-27,0.0012429
MXN,2021-07-27,0.049664
MYR,2021-07-27,0.236253
NGN,2021-07-27,0.00243902439
NOK,2021-07-27,0.112506
NZD,2021-07-27,0.69555
PEN,2021-07-27,0.255884
PLN,2021-07-27,0.2561781
RUB,2021-07-27,0.0135501
RWF,2021-07-27,0.00099455
SAR,2021-07-27,0.266667
SEK,2021-07-27,0.115637
SGD,2021-07-27,0.735071
SLL,2021-07-27,9.7614e-05
THB,2021-07-27,0.0303321
TZS,2021-07-27,0.000431127
UGX,2021-07-27,0.00028133
USD,2021-07-27,1.0
XAF,2021-07-27,0.00179519
XOF,2021-07-27,0.00179519
ZAR,2021-07-27,0.067015
ZMK,2021-07-27,0.0501301
ZMW,2021-07-27,0.0501301
AED,2021-07-28,0.272294
ARS,2021-07-28,0.0103542
AUD,2021-07-28,0.734326
BRL,2021-07-28,0.193449
BWP,2021-07-28,0.089826
CAD,2021-07-28,0.794895
CHF,2021-07-28,1.093047
CZK,2021-07-28,0.0460163
DKK,2021-07-28,0.158783
ETB,2021-07-28,0.022664
EUR,2021-07-28,1.1808
GBP,2021-07-28,1.3872
GHS,2021-07-28,0.168752
ILS,2021-07-28,0.3075511
INR,2021-07-28,0.0134428
JPY,2021-07-28,0.0090968
KES,2021-07-28,0.0092085
MAD,2021-07-28,0.1117244
MUR,2021-07-28,0.0233768
MWK,2021-07-28,0.00124661
MXN,2021-07-28,0.050115
MYR,2021-07-28,0.2361187
NGN,2021-07-28,0.00243902439
NOK,2021-07-28,0.112522
NZD,2021-07-28,0.694165
PEN,2021-07-28,0.2546468
PLN,2021-07-28,0.256875
RUB,2021-07-28,0.013604
RWF,2021-07-28,0.00099544
SAR,2021-07-28,0.266667
SEK,2021-07-28,0.115863
SGD,2021-07-28,0.735524
SLL,2021-07-28,9.7437e-05
THB,2021-07-28,0.0304217
TZS,2021-07-28,0.000431203
UGX,2021-07-28,0.00028207
USD,2021-07-28,1.0
XAF,2021-07-28,0.00180146
XOF,2021-07-28,0.00180146
ZAR,2021-07-28,0.0675989
ZMK,2021-07-28,0.052663
ZMW,2021-07-28,0.052663
AED,2021-07-29,0.272294
ARS,2021-07-29,0.01035009
AUD,2021-07-29,0.740059
BRL,2021-07-29,0.195463
BWP,2021-07-29,0.089893
CAD,2021-07-29,0.802369
CHF,2021-07-29,1.1007
CZK,2021-07-29,0.0465739
DKK,2021-07-29,0.1596204
ETB,2021-07-29,0.0226192
EUR,2021-07-29,1.1868
GBP,2021-07-29,1.3872
GHS,2021-07-29,0.1676103
ILS,2021-07-29,0.3079286
INR,2021-07-29,0.0134657
JPY,2021-07-29,0.0091091
KES,2021-07-29,0.00920747
MAD,2021-07-29,0.11208
MUR,2021-07-29,0.0234511
MWK,2021-07-29,0.0012505
MXN,2021-07-29,0.0503541
MYR,2021-07-29,0.236405
NGN,2021-07-29,0.00243902439
NOK,2021-07-29,0.114025
NZD,2021-07-29,0.6990001
PEN,2021-07-29,0.254946
PLN,2021-07-29,0.258848
RUB,2021-07-29,0.0136708
RWF,2021-07-29,0.00100598
SAR,2021-07-29,0.266667
SEK,2021-07-29,0.116475
SGD,2021-07-29,0.738773
SLL,2021-07-29,9.7495e-05
THB,2021-07-29,0.0304192
TZS,2021-07-29,0.000431135
UGX,2021-07-29,0.00028161
USD,2021-07-29,1.0
XAF,2021-07-29,0.0018101
XOF,2021-07-29,0.0018101
ZAR,2021-07-29,0.068268
ZMK,2021-07-29,0.0523245
ZMW,2021-07-29,0.0523245
